organization,organizationLabel,website,Cinema Treasures,Dissolved Date
http://www.wikidata.org/entity/Q42433373,Adelle Theater,,http://cinematreasures.org/theaters/16073,1923
http://www.wikidata.org/entity/Q42432766,Akers Mill Cinema,,http://cinematreasures.org/theaters/12111,2008
http://www.wikidata.org/entity/Q42432828,"Alamo Theatre, Peachtree Street",,http://cinematreasures.org/theaters/26378,1939
http://www.wikidata.org/entity/Q42433010,"Alamo Theatre, Whitehall Street",,http://cinematreasures.org/theaters/26379,1900s
http://www.wikidata.org/entity/Q42432665,Albany Mall Twin Cinemas.,,http://cinematreasures.org/theaters/34097,1980s
http://www.wikidata.org/entity/Q42432704,Alma Theatre,,http://cinematreasures.org/theaters/52512,1950s
http://www.wikidata.org/entity/Q42433011,Alpha Theatre,,http://cinematreasures.org/theaters/12638,1900s
http://www.wikidata.org/entity/Q42432727,Alps Cinema,,http://cinematreasures.org/theaters/29824,2000
http://www.wikidata.org/entity/Q42431916,Alps Drive-In,,http://cinematreasures.org/theaters/29827,1980
http://www.wikidata.org/entity/Q42433146,Altama Village I II III,,http://cinematreasures.org/theaters/32024,1990s
http://www.wikidata.org/entity/Q42433349,AMC Classic Dublin 8,https://www.amctheatres.com/movie-theatres/macon-ga/amc-classic-dublin-8,http://cinematreasures.org/theaters/28750,1/2/2022
http://www.wikidata.org/entity/Q42433400,AMC Classic Fort Benning 10,https://www.amctheatres.com/movie-theatres/columbus-ga/amc-classic-fort-benning-10,http://cinematreasures.org/theaters/33493,2020-01
http://www.wikidata.org/entity/Q42433689,AMC Classic Newnan 10,https://www.amctheatres.com/movie-theatres/atlanta/amc-classic-newnan-10,http://cinematreasures.org/theaters/41859,2020-08
http://www.wikidata.org/entity/Q42433497,AMC Cobb Place 8,,http://cinematreasures.org/theaters/20573,1999
http://www.wikidata.org/entity/Q42432729,AMC Dine-In Athens 12,https://www.amctheatres.com/movie-theatres/atlanta/amc-dine-in-athens-12,http://cinematreasures.org/theaters/29830,9/11/2020
http://www.wikidata.org/entity/Q42432789,AMC Dine-In Buckhead 6,https://www.amctheatres.com/movie-theatres/atlanta/amc-dine-in-buckhead-6,http://cinematreasures.org/theaters/13665,7/14/2021
http://www.wikidata.org/entity/Q42432833,American Theatre,,http://cinematreasures.org/theaters/16352,1900s
http://www.wikidata.org/entity/Q42433227,American Theatre,,http://cinematreasures.org/theaters/2470,1924
http://www.wikidata.org/entity/Q42433735,Amusu Theatre,,http://cinematreasures.org/theaters/52518,1900s
http://www.wikidata.org/entity/Q42433775,Arcade Theater,,http://cinematreasures.org/theaters/20597,2010s
http://www.wikidata.org/entity/Q42433489,Arrowhead 3 Theatre,,http://cinematreasures.org/theaters/12974,1980s
http://www.wikidata.org/entity/Q42433022,Art Theatre,,http://cinematreasures.org/theaters/16536,1980s
http://www.wikidata.org/entity/Q42433013,Ashby Theatre,,http://cinematreasures.org/theaters/17657,1990s
http://www.wikidata.org/entity/Q42432872,Ashley Art Theatre,,http://cinematreasures.org/theaters/16350,1900s
http://www.wikidata.org/entity/Q42434038,Ashley Cinemas,,http://cinematreasures.org/theaters/34198,2014-02
http://www.wikidata.org/entity/Q42431920,Athens Drive-In,,http://cinematreasures.org/theaters/29826,1984
http://www.wikidata.org/entity/Q42432773,"Atlanta Theatre, Hurt Plaza",,http://cinematreasures.org/theaters/21372,1954
http://www.wikidata.org/entity/Q42432932,"Atlanta Theatre, Peachtree Street",,http://cinematreasures.org/theaters/4784,1995
http://www.wikidata.org/entity/Q42432866,Atlantic Theatre,,http://cinematreasures.org/theaters/13927,2018
http://www.wikidata.org/entity/Q42431961,Augusta Drive-In,,http://cinematreasures.org/theaters/30149,1956
http://www.wikidata.org/entity/Q42433024,Augusta Family Theatre,,http://cinematreasures.org/theaters/33124,1900s
http://www.wikidata.org/entity/Q42433782,Avon Theater,,http://cinematreasures.org/theaters/21963,1970
http://www.wikidata.org/entity/Q42431972,Azalea Drive-In,,http://cinematreasures.org/theaters/33109,1960s
http://www.wikidata.org/entity/Q42433115,Bainbridge Mall Cinemas,,http://cinematreasures.org/theaters/37940,1900s
http://www.wikidata.org/entity/Q42431935,Bankhead Drive-In,,http://cinematreasures.org/theaters/18211,1982
http://www.wikidata.org/entity/Q42433001,Bankhead Theatre,,http://cinematreasures.org/theaters/12583,1950s
http://www.wikidata.org/entity/Q42433389,Banks Station,http://www.cinemark.com,http://cinematreasures.org/theaters/16893,2/22/2021
http://www.wikidata.org/entity/Q42432247,Barbour Drive-In,,http://cinematreasures.org/theaters/32807,1900s
http://www.wikidata.org/entity/Q42432935,Baronet Theatre,,http://cinematreasures.org/theaters/11402,1980
http://www.wikidata.org/entity/Q42433141,Bean Theater,,http://cinematreasures.org/theaters/25359,1951
http://www.wikidata.org/entity/Q42431996,Bel-Air Drive-In,,http://cinematreasures.org/theaters/25719,1977-05
http://www.wikidata.org/entity/Q42433582,Bell Theatre,,http://cinematreasures.org/theaters/11554,1958-03
http://www.wikidata.org/entity/Q42432783,Bellwood Theatre,,http://cinematreasures.org/theaters/45504,1920s
http://www.wikidata.org/entity/Q42433840,Belmont Theatre,,http://cinematreasures.org/theaters/11533,1985
http://www.wikidata.org/entity/Q42433317,Belvedere Theatre,,http://cinematreasures.org/theaters/3632,2009
http://www.wikidata.org/entity/Q42432982,Ben Hill Twin,,http://cinematreasures.org/theaters/16256,1987
http://www.wikidata.org/entity/Q42433232,Beverly Theater,,http://cinematreasures.org/theaters/41284,1975
http://www.wikidata.org/entity/Q42433552,Bibb Theatre,,http://cinematreasures.org/theaters/15084,1900s
http://www.wikidata.org/entity/Q42433028,Bijou Theatre,,http://cinematreasures.org/theaters/33429,1900s
http://www.wikidata.org/entity/Q42433149,Bijou Theatre,,http://cinematreasures.org/theaters/13203,1900s
http://www.wikidata.org/entity/Q42433783,Bijou Theatre,,http://cinematreasures.org/theaters/16528,1950s
http://www.wikidata.org/entity/Q42433131,Blakely Theatre,,http://cinematreasures.org/theaters/17111,1900s
http://www.wikidata.org/entity/Q42433134,Blue Ridge Twin Cinema,,http://cinematreasures.org/theaters/41799,2013-09
http://www.wikidata.org/entity/Q42432214,Blue Sky Drive-In,,http://cinematreasures.org/theaters/53204,1900s
http://www.wikidata.org/entity/Q42431926,Bolton Drive-In,,http://cinematreasures.org/theaters/53999,1974
http://www.wikidata.org/entity/Q42431950,Bon-Air Drive-In,,http://cinematreasures.org/theaters/30127,1960s
http://www.wikidata.org/entity/Q42433164,Bone Theater,,http://cinematreasures.org/theaters/21874,1900s
http://www.wikidata.org/entity/Q42433233,Bonita Theater,,http://cinematreasures.org/theaters/18457,1916
http://www.wikidata.org/entity/Q42432876,Bonita Theatre,,http://cinematreasures.org/theaters/44696,1932
http://www.wikidata.org/entity/Q42431956,Booker T. Drive-In,,http://cinematreasures.org/theaters/32803,1950s
http://www.wikidata.org/entity/Q42433236,Bradley Theatre,,http://cinematreasures.org/theaters/2471,1977
http://www.wikidata.org/entity/Q42433144,Bremen Theatre,,http://cinematreasures.org/theaters/51045,1960s
http://www.wikidata.org/entity/Q42434079,Brice Cinema,,http://cinematreasures.org/theaters/41934,2000
http://www.wikidata.org/entity/Q42433467,Brice Cinema City 2,,http://cinematreasures.org/theaters/41830,2000s
http://www.wikidata.org/entity/Q42432673,Broad Ave. Cinema,,http://cinematreasures.org/theaters/34532,1900s
http://www.wikidata.org/entity/Q42432787,Brookhaven Theatre,,http://cinematreasures.org/theaters/12972,1972
http://www.wikidata.org/entity/Q42432793,Buckhead Art Cinema,,http://cinematreasures.org/theaters/38319,2005
http://www.wikidata.org/entity/Q42433158,Buena Vista Theatre,,http://cinematreasures.org/theaters/44601,1900s
http://www.wikidata.org/entity/Q42431990,Buford Drive-In,,http://cinematreasures.org/theaters/11239,1974
http://www.wikidata.org/entity/Q42432811,Buford Highway Twin Cinema,,http://cinematreasures.org/theaters/11536,2017-07
http://www.wikidata.org/entity/Q42432472,Cadet Drive-In,,http://cinematreasures.org/theaters/30064,1960s
http://www.wikidata.org/entity/Q42431994,Cairo Drive-In,,http://cinematreasures.org/theaters/5088,1984
http://www.wikidata.org/entity/Q42432095,Calhoun Drive-In,,http://cinematreasures.org/theaters/33135,1900s
http://www.wikidata.org/entity/Q42433116,Callahan Theatre,,http://cinematreasures.org/theaters/14717,1941
http://www.wikidata.org/entity/Q42432878,Cameo Theatre,,http://cinematreasures.org/theaters/11624,1951
http://www.wikidata.org/entity/Q42433171,Camilla Theater,,http://cinematreasures.org/theaters/38690,1960s
http://www.wikidata.org/entity/Q42433633,Campus Theatre,,http://cinematreasures.org/theaters/4818,1983
http://www.wikidata.org/entity/Q42432297,Candler Drive-In,,http://cinematreasures.org/theaters/33308,1980s
http://www.wikidata.org/entity/Q42433319,Candler Road Mini Cinema,,http://cinematreasures.org/theaters/16454,1977
http://www.wikidata.org/entity/Q42431780,Capitol Drive-In,,http://cinematreasures.org/theaters/33103,1971
http://www.wikidata.org/entity/Q42432938,Capitol Theatre,,http://cinematreasures.org/theaters/11623,1948
http://www.wikidata.org/entity/Q42433029,Capri Theatre,,http://cinematreasures.org/theaters/16537,1980s
http://www.wikidata.org/entity/Q42432677,Carmike 8,,http://cinematreasures.org/theaters/34096,1900s
http://www.wikidata.org/entity/Q42433238,Carmike Cinema 7,,http://cinematreasures.org/theaters/40369,2003
http://www.wikidata.org/entity/Q42433306,Carmike Cinema 9,,http://cinematreasures.org/theaters/55339,1/30/2009
http://www.wikidata.org/entity/Q42434041,Carmike Cinema Twin,,http://cinematreasures.org/theaters/48945,1986
http://www.wikidata.org/entity/Q42433169,Carmike Martin 3 Theatres,,http://cinematreasures.org/theaters/25986,2013
http://www.wikidata.org/entity/Q42433173,Carroll Theatre,,http://cinematreasures.org/theaters/25593,1900s
http://www.wikidata.org/entity/Q42432013,Carrollton Drive-In,,http://cinematreasures.org/theaters/32039,2003
http://www.wikidata.org/entity/Q42434120,Carver Theater,,http://cinematreasures.org/theaters/13993,1970s
http://www.wikidata.org/entity/Q42432909,Carver Theatre,,http://cinematreasures.org/theaters/32096,1950s
http://www.wikidata.org/entity/Q42432818,Cascade Theatre,,http://cinematreasures.org/theaters/17347,1955
http://www.wikidata.org/entity/Q42433192,Cedar Theater,,http://cinematreasures.org/theaters/25465,1900s
http://www.wikidata.org/entity/Q42432343,Cedar Valley Drive-In,,http://cinematreasures.org/theaters/26716,1990s
http://www.wikidata.org/entity/Q42433014,Central Theatre,,http://cinematreasures.org/theaters/17348,1972
http://www.wikidata.org/entity/Q42432098,Cherokee Drive-In,,http://cinematreasures.org/theaters/33136,1980
http://www.wikidata.org/entity/Q42432820,Cherokee Theatre,,http://cinematreasures.org/theaters/4780,1977
http://www.wikidata.org/entity/Q42432823,CineBistro at Town Brookhaven,http://www.cobbcinebistro.com/default.asp,http://cinematreasures.org/theaters/47468,9/3/2020
http://www.wikidata.org/entity/Q42433321,Cinema 16,,http://cinematreasures.org/theaters/3944,2000
http://www.wikidata.org/entity/Q42432720,Cinema 2,,http://cinematreasures.org/theaters/41777,2016-06
http://www.wikidata.org/entity/Q42432939,Cinema Lounge Showcase,,http://cinematreasures.org/theaters/16349,1975
http://www.wikidata.org/entity/Q42433420,Cinemas West 5,,http://cinematreasures.org/theaters/34968,1999
http://www.wikidata.org/entity/Q42432270,Circle Drive-In,,http://cinematreasures.org/theaters/33196,1900s
http://www.wikidata.org/entity/Q42432680,Clair Theatre,,http://cinematreasures.org/theaters/31989,1950s
http://www.wikidata.org/entity/Q42432733,Classic Theatre,,http://cinematreasures.org/theaters/29822,1910s
http://www.wikidata.org/entity/Q42432736,Classic Triple Theatre,,http://cinematreasures.org/theaters/29823,11/6/1994
http://www.wikidata.org/entity/Q42432036,Claxton Drive-In,,http://cinematreasures.org/theaters/33132,1987
http://www.wikidata.org/entity/Q42432040,Cleveland Drive-In,,http://cinematreasures.org/theaters/34988,1980s
http://www.wikidata.org/entity/Q42433844,Cobb Center 6,,http://cinematreasures.org/theaters/10832,2000
http://www.wikidata.org/entity/Q42433849,Cobb Cinema,,http://cinematreasures.org/theaters/11416,1984
http://www.wikidata.org/entity/Q42433584,Cobb Theatre,,http://cinematreasures.org/theaters/11551,1900s
http://www.wikidata.org/entity/Q42433635,Co-Ed Theatre,,http://cinematreasures.org/theaters/16544,1960s
http://www.wikidata.org/entity/Q42432103,Cohutta Drive-In,,http://cinematreasures.org/theaters/25666,1900s
http://www.wikidata.org/entity/Q42433894,College Cinema 2,,http://cinematreasures.org/theaters/41882,1995
http://www.wikidata.org/entity/Q42432161,College Drive-In,,http://cinematreasures.org/theaters/33153,1960
http://www.wikidata.org/entity/Q42433215,College Park Theatre,,http://cinematreasures.org/theaters/12077,1900s
http://www.wikidata.org/entity/Q42433536,Colonial Theater,,http://cinematreasures.org/theaters/11671,1900s
http://www.wikidata.org/entity/Q42432738,Colonial Theatre,,http://cinematreasures.org/theaters/29820,1932
http://www.wikidata.org/entity/Q42433636,Colonial Theatre,,http://cinematreasures.org/theaters/30358,1900s
http://www.wikidata.org/entity/Q42433672,Colquitt Theatre,,http://cinematreasures.org/theaters/14209,10/15/1978
http://www.wikidata.org/entity/Q42433050,Columbia Square Cinemas,,http://cinematreasures.org/theaters/28723,2000
http://www.wikidata.org/entity/Q42433457,Columbia Theater,,http://cinematreasures.org/theaters/14682,1963
http://www.wikidata.org/entity/Q42432052,Columbus Drive-In,,http://cinematreasures.org/theaters/32960,1976
http://www.wikidata.org/entity/Q42433239,Columbus Square Cinemas,,http://cinematreasures.org/theaters/32034,2003
http://www.wikidata.org/entity/Q42432075,Commerce Drive-In,,http://cinematreasures.org/theaters/31993,2006
http://www.wikidata.org/entity/Q42433270,Conyer Cinema 8,,http://cinematreasures.org/theaters/33250,2001
http://www.wikidata.org/entity/Q42432080,Cordele Drive-In,,http://cinematreasures.org/theaters/33077,1900s
http://www.wikidata.org/entity/Q42432085,Cornelia Drive-In,,http://cinematreasures.org/theaters/33032,1990s
http://www.wikidata.org/entity/Q42432941,Coronet Theater,,http://cinematreasures.org/theaters/10830,1981
http://www.wikidata.org/entity/Q42433540,Covington Square 8 Cinemas,http://www.legacyentgroup.com,http://cinematreasures.org/theaters/33046,1997
http://www.wikidata.org/entity/Q42433308,Crescent Theater,,http://cinematreasures.org/theaters/23970,1960s
http://www.wikidata.org/entity/Q42433275,Crisp Theater,,http://cinematreasures.org/theaters/23354,1900s
http://www.wikidata.org/entity/Q42432837,Criterion Theatre,,http://cinematreasures.org/theaters/21717,1922
http://www.wikidata.org/entity/Q42433553,Criterion Theatre,,http://cinematreasures.org/theaters/44604,1932
http://www.wikidata.org/entity/Q42433290,Cumming Triple Cinema,,http://cinematreasures.org/theaters/41803,1988
http://www.wikidata.org/entity/Q42433310,Dalton Theater,,http://cinematreasures.org/theaters/55565,1900s
http://www.wikidata.org/entity/Q42433054,Daniel Village Theatre,,http://cinematreasures.org/theaters/16538,1993
http://www.wikidata.org/entity/Q42433322,Decatur Theatre,,http://cinematreasures.org/theaters/4188,1976-01
http://www.wikidata.org/entity/Q42433324,DeKalb Theatre,,http://cinematreasures.org/theaters/16457,1953
http://www.wikidata.org/entity/Q42433585,Delk Road 10,,http://cinematreasures.org/theaters/13026,2005
http://www.wikidata.org/entity/Q42432255,Dixie Drive-In,,http://cinematreasures.org/theaters/32945,1970s
http://www.wikidata.org/entity/Q42432422,Dixie Drive-In,,http://cinematreasures.org/theaters/32655,1980s
http://www.wikidata.org/entity/Q42432356,"Dixie Drive-In, U.S. 80 & Bypass Road",,http://cinematreasures.org/theaters/19521,1950s
http://www.wikidata.org/entity/Q42432361,"Dixie Drive-In, Victory Drive",,http://cinematreasures.org/theaters/19522,1955
http://www.wikidata.org/entity/Q42433624,Dixie Theater,,http://cinematreasures.org/theaters/22951,1900s
http://www.wikidata.org/entity/Q42434150,Dixie Theater,,http://cinematreasures.org/theaters/18680,1900s
http://www.wikidata.org/entity/Q42433554,Dixie Theatre,,http://cinematreasures.org/theaters/41837,1955
http://www.wikidata.org/entity/Q42433921,Dixie Theatre,,http://cinematreasures.org/theaters/23658,1957
http://www.wikidata.org/entity/Q42433925,Dixie Theatre,,http://cinematreasures.org/theaters/51049,1900s
http://www.wikidata.org/entity/Q42434143,Dixie Theatre,,http://cinematreasures.org/theaters/32901,1960s
http://www.wikidata.org/entity/Q42433366,Dodge Theatre,,http://cinematreasures.org/theaters/45593,1900s
http://www.wikidata.org/entity/Q42433340,Doraville Cinema 'N' Drafthouse,,http://cinematreasures.org/theaters/11795,1989
http://www.wikidata.org/entity/Q42433708,Drake Theatre,,http://cinematreasures.org/theaters/42318,1960s
http://www.wikidata.org/entity/Q42432683,Dream Adult Theatre,,http://cinematreasures.org/theaters/34533,1900s
http://www.wikidata.org/entity/Q42433033,Dreamland Theatre,,http://cinematreasures.org/theaters/31779,1900s
http://www.wikidata.org/entity/Q42433241,Dreamland Theatre,,http://cinematreasures.org/theaters/2472,1900s
http://www.wikidata.org/entity/Q42432125,Dublin Drive-In,,http://cinematreasures.org/theaters/33146,1980s
http://www.wikidata.org/entity/Q42433786,Dunbar Theatre,,http://cinematreasures.org/theaters/16530,1900s
http://www.wikidata.org/entity/Q42431999,Dunn Drive-In,,http://cinematreasures.org/theaters/25576,1978
http://www.wikidata.org/entity/Q42433337,Dunn Theatre,,http://cinematreasures.org/theaters/48830,1970s
http://www.wikidata.org/entity/Q42433626,Earl Theatre,,http://cinematreasures.org/theaters/56006,1900s
http://www.wikidata.org/entity/Q42433555,East Macon Theatre,,http://cinematreasures.org/theaters/41840,1950s
http://www.wikidata.org/entity/Q42433362,East Point Theatre,,http://cinematreasures.org/theaters/11377,1970s
http://www.wikidata.org/entity/Q42433789,East Side Theatre,,http://cinematreasures.org/theaters/16529,1900s
http://www.wikidata.org/entity/Q42432138,Eastman Drive-In,,http://cinematreasures.org/theaters/33147,1970s
http://www.wikidata.org/entity/Q42433556,Edge 14,,http://cinematreasures.org/theaters/33603,9/10/2011
http://www.wikidata.org/entity/Q42432057,Edgewood Drive-In,,http://cinematreasures.org/theaters/32956,1978
http://www.wikidata.org/entity/Q42433374,Edison Theater,,http://cinematreasures.org/theaters/30183,1950s
http://www.wikidata.org/entity/Q42433791,Eisenhower Square 6,http://www.spotlighttheatres.com,http://cinematreasures.org/theaters/19517,2018
http://www.wikidata.org/entity/Q42433970,Electric Theatre,,http://cinematreasures.org/theaters/49118,1910-11
http://www.wikidata.org/entity/Q42432741,Elite Theatre,,http://cinematreasures.org/theaters/29821,1922
http://www.wikidata.org/entity/Q42433036,Elite Theatre,,http://cinematreasures.org/theaters/33430,1910s
http://www.wikidata.org/entity/Q42433245,Elite Theatre,,http://cinematreasures.org/theaters/32035,1909
http://www.wikidata.org/entity/Q42433638,Elizabeth Theatre,,http://cinematreasures.org/theaters/30360,1900s
http://www.wikidata.org/entity/Q42433378,Ellijay Theatre,,http://cinematreasures.org/theaters/16546,1900s
http://www.wikidata.org/entity/Q42433459,Emily Theater,,http://cinematreasures.org/theaters/20345,1900s
http://www.wikidata.org/entity/Q42432869,Emory Theatre,,http://cinematreasures.org/theaters/11658,1979-01
http://www.wikidata.org/entity/Q42432895,Empire Theatre,,http://cinematreasures.org/theaters/12079,1950s
http://www.wikidata.org/entity/Q42432964,Excelsior Theatre,,http://cinematreasures.org/theaters/33256,1980s
http://www.wikidata.org/entity/Q42433348,Exchange Cinema 3,,http://cinematreasures.org/theaters/33261,2003
http://www.wikidata.org/entity/Q42433363,Fairfax Theatre,,http://cinematreasures.org/theaters/11386,1950s
http://www.wikidata.org/entity/Q42433388,Fairmount Theatre,,http://cinematreasures.org/theaters/54749,1900s
http://www.wikidata.org/entity/Q42432815,Fairview Theatre,,http://cinematreasures.org/theaters/11846,1952
http://www.wikidata.org/entity/Q42432407,Family Auto Drive-In,,http://cinematreasures.org/theaters/32849,1989
http://www.wikidata.org/entity/Q42431800,Family Drive-In,,http://cinematreasures.org/theaters/33106,1900s
http://www.wikidata.org/entity/Q42433391,Fayetteville Theatre,,http://cinematreasures.org/theaters/13667,1994
http://www.wikidata.org/entity/Q42432871,Festival Theater,,http://cinematreasures.org/theaters/22008,1900s
http://www.wikidata.org/entity/Q42432954,Film Forum,,http://cinematreasures.org/theaters/16291,1990
http://www.wikidata.org/entity/Q42433748,First Avenue Theatre,,http://cinematreasures.org/theaters/34406,1900s
http://www.wikidata.org/entity/Q42432143,Fitzgerald Drive-In,,http://cinematreasures.org/theaters/33149,1900s
http://www.wikidata.org/entity/Q42433939,Five Points Theatre,,http://cinematreasures.org/theaters/32058,1950
http://www.wikidata.org/entity/Q42431951,Forest Hills Drive-In,,http://cinematreasures.org/theaters/30030,1970
http://www.wikidata.org/entity/Q42432148,Forest Park Drive-In,,http://cinematreasures.org/theaters/33150,1968
http://www.wikidata.org/entity/Q42433395,Forest Park Theatre,,http://cinematreasures.org/theaters/15561,1970s
http://www.wikidata.org/entity/Q42432473,Forrest Drive-In,,http://cinematreasures.org/theaters/37994,1960
http://www.wikidata.org/entity/Q42432796,Forrest Theatre,,http://cinematreasures.org/theaters/32097,1960s
http://www.wikidata.org/entity/Q42432840,Forsyth Theatre,,http://cinematreasures.org/theaters/28023,1929
http://www.wikidata.org/entity/Q42433403,Fort Gordon Cinema,,http://cinematreasures.org/theaters/33393,1980s
http://www.wikidata.org/entity/Q42433411,Fort Oglethorpe Theatre,,http://cinematreasures.org/theaters/54750,1900s
http://www.wikidata.org/entity/Q42433202,Fort Theatre,,http://cinematreasures.org/theaters/54748,1900s
http://www.wikidata.org/entity/Q42432186,Forum Drive-In,,http://cinematreasures.org/theaters/53995,1997
http://www.wikidata.org/entity/Q42432230,Fountain Drive-In,,http://cinematreasures.org/theaters/33190,1960s
http://www.wikidata.org/entity/Q42433292,Frances Theatre,,http://cinematreasures.org/theaters/52514,1900s
http://www.wikidata.org/entity/Q42433588,Franklin 3,,http://cinematreasures.org/theaters/12863,1995
http://www.wikidata.org/entity/Q42433526,Franklin Theater,,http://cinematreasures.org/theaters/26633,1900s
http://www.wikidata.org/entity/Q42433341,Friday's Plaza Cinema,,http://cinematreasures.org/theaters/14766,2000
http://www.wikidata.org/entity/Q42431937,Fulton Boulevard Drive-In,,http://cinematreasures.org/theaters/35535,1971
http://www.wikidata.org/entity/Q42433453,Fulton Theatre,,http://cinematreasures.org/theaters/11387,1952
http://www.wikidata.org/entity/Q42433696,Galaxy Funplex International 5,,http://cinematreasures.org/theaters/14563,2000s
http://www.wikidata.org/entity/Q42432889,Galleria 8 Theatres,,http://cinematreasures.org/theaters/33264,2003-04
http://www.wikidata.org/entity/Q42432797,Garden Hills Theatre,,http://cinematreasures.org/theaters/11485,1977
http://www.wikidata.org/entity/Q42432891,Garden Theatre,,http://cinematreasures.org/theaters/18298,1940s
http://www.wikidata.org/entity/Q42432844,Gay Paree Cinema,,http://cinematreasures.org/theaters/21339,1900s
http://www.wikidata.org/entity/Q42433297,Gem Theatre,,http://cinematreasures.org/theaters/33682,1900s
http://www.wikidata.org/entity/Q42433691,Gem Theatre,,http://cinematreasures.org/theaters/26038,1950s
http://www.wikidata.org/entity/Q42434080,Gem Theatre,,http://cinematreasures.org/theaters/41895,1950s
http://www.wikidata.org/entity/Q42433621,Gene Theater,,http://cinematreasures.org/theaters/30094,1970s
http://www.wikidata.org/entity/Q42432685,Georgia 7 Theatres,,http://cinematreasures.org/theaters/31990,2000
http://www.wikidata.org/entity/Q42432742,Georgia Square Mall Cinemas 1 2 3 4,,http://cinematreasures.org/theaters/30487,1900s
http://www.wikidata.org/entity/Q42432744,Georgia Square Value Cinemas 5,,http://cinematreasures.org/theaters/29829,2015
http://www.wikidata.org/entity/Q42433252,Georgia Theatre,,http://cinematreasures.org/theaters/32036,1980
http://www.wikidata.org/entity/Q42432893,Georgia Twin,,http://cinematreasures.org/theaters/11568,1900s
http://www.wikidata.org/entity/Q42433437,Gibson Theatre,,http://cinematreasures.org/theaters/32900,1900s
http://www.wikidata.org/entity/Q42432178,Glennville Drive-In,,http://cinematreasures.org/theaters/33181,1900s
http://www.wikidata.org/entity/Q42432111,Glenwood Drive-In,,http://cinematreasures.org/theaters/24891,1982
http://www.wikidata.org/entity/Q42433751,Gorden Theatre,,http://cinematreasures.org/theaters/32060,1954
http://www.wikidata.org/entity/Q42433018,Gordon Theatre,,http://cinematreasures.org/theaters/11635,1900s
http://www.wikidata.org/entity/Q42431965,Gospel Drive-In,,http://cinematreasures.org/theaters/36645,1900s
http://www.wikidata.org/entity/Q42433165,Grady Theatre,,http://cinematreasures.org/theaters/5086,1956
http://www.wikidata.org/entity/Q42433663,Grand Theater,,http://cinematreasures.org/theaters/33380,1955
http://www.wikidata.org/entity/Q42433038,Grand Theatre,,http://cinematreasures.org/theaters/33126,3/18/1922
http://www.wikidata.org/entity/Q42433255,Grand Theatre,,http://cinematreasures.org/theaters/18458,1940
http://www.wikidata.org/entity/Q42433283,Grand Theatre,,http://cinematreasures.org/theaters/14722,1995
http://www.wikidata.org/entity/Q42433640,Grand Theatre,,http://cinematreasures.org/theaters/30359,1900s
http://www.wikidata.org/entity/Q42433674,Grand Theatre,,http://cinematreasures.org/theaters/14208,1940s
http://www.wikidata.org/entity/Q42433937,Grand Theatre,,http://cinematreasures.org/theaters/41878,1900s
http://www.wikidata.org/entity/Q42434046,Grand Theatre,,http://cinematreasures.org/theaters/48946,1926
http://www.wikidata.org/entity/Q42434125,Grand Theatre,,http://cinematreasures.org/theaters/30726,1970s
http://www.wikidata.org/entity/Q42433439,Gray Theatre,,http://cinematreasures.org/theaters/51904,1900s
http://www.wikidata.org/entity/Q42432185,Green Point Drive-In,,http://cinematreasures.org/theaters/33182,1971
http://www.wikidata.org/entity/Q42432984,Greenbriar Mall 12,,http://cinematreasures.org/theaters/33253,2011
http://www.wikidata.org/entity/Q42432985,Greenbriar Mall Theatre,,http://cinematreasures.org/theaters/11424,1996
http://www.wikidata.org/entity/Q42432301,Green-Point Drive-In,,http://cinematreasures.org/theaters/33309,1900s
http://www.wikidata.org/entity/Q42433697,Greens Corner Theatre,,http://cinematreasures.org/theaters/49030,2000
http://www.wikidata.org/entity/Q42433441,Greenville Theatre,,http://cinematreasures.org/theaters/16545,1900s
http://www.wikidata.org/entity/Q42433445,Greenville Theatre,,http://cinematreasures.org/theaters/56003,1900s
http://www.wikidata.org/entity/Q42433446,Griffin Cinema 4,,http://cinematreasures.org/theaters/41861,2005
http://www.wikidata.org/entity/Q42432900,Grove Theatre,,http://cinematreasures.org/theaters/12582,1969
http://www.wikidata.org/entity/Q42432330,Gwinnett Drive-In,,http://cinematreasures.org/theaters/35021,1985
http://www.wikidata.org/entity/Q42433356,Gwinnett Place Cinema,,http://cinematreasures.org/theaters/20798,2000
http://www.wikidata.org/entity/Q42433902,Hairston Village Cinema,,http://cinematreasures.org/theaters/18377,2005
http://www.wikidata.org/entity/Q42432903,Hammond Square Cinema,,http://cinematreasures.org/theaters/12419,2004
http://www.wikidata.org/entity/Q42433455,Hanger Theater,,http://cinematreasures.org/theaters/20586,1960s
http://www.wikidata.org/entity/Q42433873,Hargo Theatre,,http://cinematreasures.org/theaters/33526,2/15/2004
http://www.wikidata.org/entity/Q42431959,Hi-De-Ho Drive-In,,http://cinematreasures.org/theaters/32804,1960s
http://www.wikidata.org/entity/Q42432244,Highway 12 Drive-In,,http://cinematreasures.org/theaters/33193,1960s
http://www.wikidata.org/entity/Q42433335,Highway 17 Theater,,http://cinematreasures.org/theaters/10704,2009
http://www.wikidata.org/entity/Q42432175,Highway 21 Drive-In,,http://cinematreasures.org/theaters/32951,1900s
http://www.wikidata.org/entity/Q42432024,Highway 6 Drive-In,,http://cinematreasures.org/theaters/33130,1900s
http://www.wikidata.org/entity/Q42432364,Highway 80 Drive-In,,http://cinematreasures.org/theaters/39416,1900s
http://www.wikidata.org/entity/Q42432139,Highway 85 Drive-In,,http://cinematreasures.org/theaters/33089,1970s
http://www.wikidata.org/entity/Q42433006,Hilan Theatre,,http://cinematreasures.org/theaters/11423,1969
http://www.wikidata.org/entity/Q42432456,Hi-Way 82 Drive-In,,http://cinematreasures.org/theaters/32847,1966
http://www.wikidata.org/entity/Q42432447,Hi-Way Drive-In,,http://cinematreasures.org/theaters/41292,1979
http://www.wikidata.org/entity/Q42431581,Hogansville City Hall,,http://cinematreasures.org/theaters/11703,1980
http://www.wikidata.org/entity/Q42433765,Holcomb Woods 6 Cinema,,http://cinematreasures.org/theaters/15821,2000
http://www.wikidata.org/entity/Q42433256,Home Theatre,,http://cinematreasures.org/theaters/45505,1920s
http://www.wikidata.org/entity/Q42432258,Houston Avenue Drive-In,,http://cinematreasures.org/theaters/32947,1900s
http://www.wikidata.org/entity/Q42432006,Howell's Drive-In,,http://cinematreasures.org/theaters/33120,1970s
http://www.wikidata.org/entity/Q42432380,Hub Drive-In,,http://cinematreasures.org/theaters/22374,1900s
http://www.wikidata.org/entity/Q42433728,Ilex Theatre,,http://cinematreasures.org/theaters/14304,1900s
http://www.wikidata.org/entity/Q42433449,Imperial Theatre,,http://cinematreasures.org/theaters/14718,1900s
http://www.wikidata.org/entity/Q42432188,Irish Drive-In,,http://cinematreasures.org/theaters/33183,1970s
http://www.wikidata.org/entity/Q42432399,Island Drive-In,,http://cinematreasures.org/theaters/33344,1970s
http://www.wikidata.org/entity/Q42433479,Jackson Cinema 2,,http://cinematreasures.org/theaters/41831,2006
http://www.wikidata.org/entity/Q42432209,Jackson Drive-In,,http://cinematreasures.org/theaters/53992,1900s
http://www.wikidata.org/entity/Q42433480,Jasper Theatre,,http://cinematreasures.org/theaters/16547,10/30/1982
http://www.wikidata.org/entity/Q42433464,Jeff Davis Theater,,http://cinematreasures.org/theaters/21796,1900s
http://www.wikidata.org/entity/Q42432314,Jem Drive-In,,http://cinematreasures.org/theaters/33310,1960s
http://www.wikidata.org/entity/Q42432306,Jenks Drive-In,,http://cinematreasures.org/theaters/32805,1900s
http://www.wikidata.org/entity/Q42432061,Jet Drive-In,,http://cinematreasures.org/theaters/32957,1960s
http://www.wikidata.org/entity/Q42433491,Jonesboro Twin Theater,,http://cinematreasures.org/theaters/25692,1983
http://www.wikidata.org/entity/Q42431813,Joy Auto Drive-In,,http://cinematreasures.org/theaters/33108,1960s
http://www.wikidata.org/entity/Q42432194,Joy Drive-In,,http://cinematreasures.org/theaters/33185,1970s
http://www.wikidata.org/entity/Q42432091,Judean Drive-In,,http://cinematreasures.org/theaters/34990,1900s
http://www.wikidata.org/entity/Q42433460,Judy Theater,,http://cinematreasures.org/theaters/10293,1900s
http://www.wikidata.org/entity/Q42432391,Kings Bay Drive-In,,http://cinematreasures.org/theaters/35027,1900s
http://www.wikidata.org/entity/Q42432867,Kirkwood Theatre,,http://cinematreasures.org/theaters/16293,1960s
http://www.wikidata.org/entity/Q42433953,Knox Theatre,,http://cinematreasures.org/theaters/41876,1900s
http://www.wikidata.org/entity/Q42434110,Knox Theatre,http://www.georgia.org/film/ga_locations/old_south/oldsouth_F1360.asp,http://cinematreasures.org/theaters/12721,1997
http://www.wikidata.org/entity/Q42433514,LaGrange 6,,http://cinematreasures.org/theaters/41833,2006
http://www.wikidata.org/entity/Q42432220,LaGrange Drive-In,,http://cinematreasures.org/theaters/41834,1985
http://www.wikidata.org/entity/Q42432223,LaGrange Drive-In,,http://cinematreasures.org/theaters/43220,1980s
http://www.wikidata.org/entity/Q42433517,LaGrange Theatre,,http://cinematreasures.org/theaters/16541,1989
http://www.wikidata.org/entity/Q42432169,Lake Lanier Drive-In,,http://cinematreasures.org/theaters/32455,1980s
http://www.wikidata.org/entity/Q42433524,Lakeland Theatre,,http://cinematreasures.org/theaters/56004,1900s
http://www.wikidata.org/entity/Q42431772,Lakes Drive-In,,http://cinematreasures.org/theaters/33101,1960s
http://www.wikidata.org/entity/Q42433423,Lakeshore 4 Theatre,,http://cinematreasures.org/theaters/34458,2007-09
http://www.wikidata.org/entity/Q42433083,Lakeview Theatre,,http://cinematreasures.org/theaters/30120,1960s
http://www.wikidata.org/entity/Q42432913,Lakewood Theatre,,http://cinematreasures.org/theaters/55313,1900s
http://www.wikidata.org/entity/Q42432916,Lakewood Theatre,,http://cinematreasures.org/theaters/11670,1987
http://www.wikidata.org/entity/Q42433152,Lanier Theatres,,http://cinematreasures.org/theaters/32025,1998
http://www.wikidata.org/entity/Q42432236,Lawrenceville Drive-In,,http://cinematreasures.org/theaters/35014,1900s
http://www.wikidata.org/entity/Q42432922,Lefont Toco Hills Theater,,http://cinematreasures.org/theaters/7119,2000
http://www.wikidata.org/entity/Q42433589,Legion Theater,,http://cinematreasures.org/theaters/13929,1900s
http://www.wikidata.org/entity/Q42432800,Lenox Square Theatre,,http://cinematreasures.org/theaters/4779,2003-06
http://www.wikidata.org/entity/Q42433057,Lenox Theatre,,http://cinematreasures.org/theaters/25931,1900s
http://www.wikidata.org/entity/Q42432688,Liberty Theatre,,http://cinematreasures.org/theaters/16500,1950s
http://www.wikidata.org/entity/Q42432927,Liberty Theatre,,http://cinematreasures.org/theaters/18299,1900s
http://www.wikidata.org/entity/Q42433476,Liberty Theatre,,http://cinematreasures.org/theaters/42319,1900s
http://www.wikidata.org/entity/Q42434049,Liberty Theatre,,http://cinematreasures.org/theaters/32241,1951
http://www.wikidata.org/entity/Q42433538,Lilburn-Tucker Cinema,,http://cinematreasures.org/theaters/13695,1980s
http://www.wikidata.org/entity/Q42433539,Linco Theater,,http://cinematreasures.org/theaters/14401,1900s
http://www.wikidata.org/entity/Q42433019,Lincoln Theater,,http://cinematreasures.org/theaters/21804,1955
http://www.wikidata.org/entity/Q42433503,Lincoln Theatre,,http://cinematreasures.org/theaters/52519,1900s
http://www.wikidata.org/entity/Q42432239,Lithia Drive-In,,http://cinematreasures.org/theaters/24118,1980s
http://www.wikidata.org/entity/Q42430894,Lyric Theatre,,http://cinematreasures.org/theaters/13938,1900s
http://www.wikidata.org/entity/Q42431976,M and T Drive-In,,http://cinematreasures.org/theaters/33076,1970s
http://www.wikidata.org/entity/Q42432012,M and T Drive-In,,http://cinematreasures.org/theaters/33121,1960s
http://www.wikidata.org/entity/Q42432164,M and T Drive-In,,http://cinematreasures.org/theaters/33154,1900s
http://www.wikidata.org/entity/Q42432196,M and T Drive-In,,http://cinematreasures.org/theaters/33186,1970s
http://www.wikidata.org/entity/Q42432291,M and T Drive-In,,http://cinematreasures.org/theaters/33307,1956
http://www.wikidata.org/entity/Q42432489,M and T Drive-In,,http://cinematreasures.org/theaters/33670,1900s
http://www.wikidata.org/entity/Q42433557,Macon Mall Quad,,http://cinematreasures.org/theaters/36797,10/11/2001
http://www.wikidata.org/entity/Q42433559,Macon Mini Cinema,,http://cinematreasures.org/theaters/17559,1970s
http://www.wikidata.org/entity/Q42432971,Madison Theatre,,http://cinematreasures.org/theaters/11376,1970s
http://www.wikidata.org/entity/Q42433369,Magnolia Theater,,http://cinematreasures.org/theaters/45585,1990
http://www.wikidata.org/entity/Q42433683,Majestic Theater,,http://cinematreasures.org/theaters/28494,1900s
http://www.wikidata.org/entity/Q42433793,Majestic Theatre,,http://cinematreasures.org/theaters/35905,1900s
http://www.wikidata.org/entity/Q42433357,Mall Corner 6,,http://cinematreasures.org/theaters/33251,1990s
http://www.wikidata.org/entity/Q42432276,Manchester Drive-In,,http://cinematreasures.org/theaters/33195,1960s
http://www.wikidata.org/entity/Q42432283,Marbro Twin Drive-In,,http://cinematreasures.org/theaters/20083,1900s
http://www.wikidata.org/entity/Q42432286,Marietta Drive-in,,http://cinematreasures.org/theaters/33198,1900s
http://www.wikidata.org/entity/Q42433590,Marietta Star Cinema,,http://cinematreasures.org/theaters/3475,2000
http://www.wikidata.org/entity/Q42433592,Marietta West Theatre,,http://cinematreasures.org/theaters/11777,1976
http://www.wikidata.org/entity/Q42433325,Market Square Cinema 4,,http://cinematreasures.org/theaters/41811,1995
http://www.wikidata.org/entity/Q42432279,Martin Drive-In,,http://cinematreasures.org/theaters/33194,1960s
http://www.wikidata.org/entity/Q42432478,Martin Drive-In,,http://cinematreasures.org/theaters/52155,1977
http://www.wikidata.org/entity/Q42433642,Martin Theater,,http://cinematreasures.org/theaters/55173,1980s
http://www.wikidata.org/entity/Q42433119,Martin Theatre,,http://cinematreasures.org/theaters/41784,1900s
http://www.wikidata.org/entity/Q42433062,Masters Value Cinemas 7,http://www.georgiatheatrecompany.com/default.asp,http://cinematreasures.org/theaters/29930,11/5/2020
http://www.wikidata.org/entity/Q42433611,Mayes Theatre,,http://cinematreasures.org/theaters/52517,2000s
http://www.wikidata.org/entity/Q42432294,McRae Drive-In,,http://cinematreasures.org/theaters/56005,1970
http://www.wikidata.org/entity/Q42432453,Melody Drive-In,,http://cinematreasures.org/theaters/32656,1900s
http://www.wikidata.org/entity/Q42433794,Melody Theatre,,http://cinematreasures.org/theaters/32242,1952
http://www.wikidata.org/entity/Q42433906,Memorial Drive 5,,http://cinematreasures.org/theaters/19547,1996
http://www.wikidata.org/entity/Q42433908,Memorial Drive Cinema 4,,http://cinematreasures.org/theaters/19548,1998
http://www.wikidata.org/entity/Q42433909,Memorial Square Six,,http://cinematreasures.org/theaters/18378,1995
http://www.wikidata.org/entity/Q42432885,Metropolitan Theatre,,http://cinematreasures.org/theaters/20355,1931
http://www.wikidata.org/entity/Q42432156,Midway Drive-in,,http://cinematreasures.org/theaters/33155,1900s
http://www.wikidata.org/entity/Q42432324,MIdway Drive-In,,http://cinematreasures.org/theaters/33312,1900s
http://www.wikidata.org/entity/Q42433041,Miller Theatre,,http://cinematreasures.org/theaters/8237,1983
http://www.wikidata.org/entity/Q42433852,Miracle Theatre,,http://cinematreasures.org/theaters/12130,1988
http://www.wikidata.org/entity/Q42433945,Mode Theatre,,http://cinematreasures.org/theaters/32239,1900s
http://www.wikidata.org/entity/Q42433043,Modjeska Theater,http://www.modjeskalounge.com,http://cinematreasures.org/theaters/17462,1977
http://www.wikidata.org/entity/Q42432367,Montgomery Drive-In,,http://cinematreasures.org/theaters/19525,1980s
http://www.wikidata.org/entity/Q42432078,Moon Lit Drive-In,,http://cinematreasures.org/theaters/22375,1900s
http://www.wikidata.org/entity/Q42432468,Moonlight Drive-In,,http://cinematreasures.org/theaters/33520,1970s
http://www.wikidata.org/entity/Q42432311,Moon-Light Drive-In,,http://cinematreasures.org/theaters/32806,1900s
http://www.wikidata.org/entity/Q42432064,Morris Road Drive-In,,http://cinematreasures.org/theaters/32958,1955
http://www.wikidata.org/entity/Q42432259,Motor View Drive-In,,http://cinematreasures.org/theaters/32948,1970s
http://www.wikidata.org/entity/Q42432317,Moultrie Drive-In,,http://cinematreasures.org/theaters/33311,1900s
http://www.wikidata.org/entity/Q42433676,Moultrie Theatre,,http://cinematreasures.org/theaters/14210,1900s
http://www.wikidata.org/entity/Q42433679,Moultrie Twin Cinema,,http://cinematreasures.org/theaters/32331,1900s
http://www.wikidata.org/entity/Q42433913,Mountain Theatre,,http://cinematreasures.org/theaters/13666,1900s
http://www.wikidata.org/entity/Q42433930,Movie House,,http://cinematreasures.org/theaters/52157,1900s
http://www.wikidata.org/entity/Q42433294,Movies 400,http://www.newvisiontheatres.com,http://cinematreasures.org/theaters/20775,3/16/2020
http://www.wikidata.org/entity/Q42433159,Movies 8,,http://cinematreasures.org/theaters/41787,2000
http://www.wikidata.org/entity/Q42434050,Movies at Valdosta Mall 6,,http://cinematreasures.org/theaters/41887,2003
http://www.wikidata.org/entity/Q42433217,National 4-6-8,,http://cinematreasures.org/theaters/14765,1998
http://www.wikidata.org/entity/Q42433066,National Hills Theatre,,http://cinematreasures.org/theaters/18718,1900s
http://www.wikidata.org/entity/Q42433542,Neil Theatre,,http://cinematreasures.org/theaters/20105,1900s
http://www.wikidata.org/entity/Q42433328,New Glen Art Theatre,,http://cinematreasures.org/theaters/13027,1900s
http://www.wikidata.org/entity/Q42432327,Newnan Drive-In,,http://cinematreasures.org/theaters/33340,1980s
http://www.wikidata.org/entity/Q42433284,Newton Cinema 1 & 2,,http://cinematreasures.org/theaters/41802,1989
http://www.wikidata.org/entity/Q42433694,Newton Theater,,http://cinematreasures.org/theaters/38647,1950s
http://www.wikidata.org/entity/Q42431967,No. 1 Drive-In,,http://cinematreasures.org/theaters/30086,1900s
http://www.wikidata.org/entity/Q42432347,North 53 Drive-In,,http://cinematreasures.org/theaters/34407,1900s
http://www.wikidata.org/entity/Q42432026,North 85 Twin Drive-In,,http://cinematreasures.org/theaters/20062,1998
http://www.wikidata.org/entity/Q42433330,North Dekalb Theatre,,http://cinematreasures.org/theaters/11659,1985
http://www.wikidata.org/entity/Q42432714,North Point Market 8,,http://cinematreasures.org/theaters/30981,11/4/2014
http://www.wikidata.org/entity/Q42432957,North Springs Theatre,,http://cinematreasures.org/theaters/11778,9/30/2000
http://www.wikidata.org/entity/Q42432030,Northeast Expressway Drive-In,,http://cinematreasures.org/theaters/26829,1983
http://www.wikidata.org/entity/Q42433703,Ocilla Theatre,,http://cinematreasures.org/theaters/54751,1900s
http://www.wikidata.org/entity/Q42433796,Odeon Theatre,,http://cinematreasures.org/theaters/16533,1960
http://www.wikidata.org/entity/Q42433810,Oglethorpe Theatre,,http://cinematreasures.org/theaters/42921,1900s
http://www.wikidata.org/entity/Q42433397,Old Dixie Cinema,,http://cinematreasures.org/theaters/14923,1985
http://www.wikidata.org/entity/Q42432854,Omni 6,,http://cinematreasures.org/theaters/12970,2000
http://www.wikidata.org/entity/Q42432042,P & Z Drive-In,,http://cinematreasures.org/theaters/33133,1960s
http://www.wikidata.org/entity/Q42433870,Pal Theater,,http://cinematreasures.org/theaters/32450,1950s
http://www.wikidata.org/entity/Q42434089,Pal Theater,,http://cinematreasures.org/theaters/32451,1900s
http://www.wikidata.org/entity/Q42432654,Pal Theatre,,http://cinematreasures.org/theaters/56000,1900s
http://www.wikidata.org/entity/Q42433471,Pal Theatre,,http://cinematreasures.org/theaters/38490,1900s
http://www.wikidata.org/entity/Q42432756,Palace Theater,,http://cinematreasures.org/theaters/28974,1900s
http://www.wikidata.org/entity/Q42433648,Palace Theater,,http://cinematreasures.org/theaters/16630,1900s
http://www.wikidata.org/entity/Q42432779,Palace Theatre,,http://cinematreasures.org/theaters/12637,1943
http://www.wikidata.org/entity/Q42433045,Palace Theatre,,http://cinematreasures.org/theaters/33021,1900s
http://www.wikidata.org/entity/Q42433465,Palace Theatre,,http://cinematreasures.org/theaters/52516,1900s
http://www.wikidata.org/entity/Q42433561,Palace Theatre,,http://cinematreasures.org/theaters/52292,1920s
http://www.wikidata.org/entity/Q42433650,Palace Theatre,,http://cinematreasures.org/theaters/30065,1900s
http://www.wikidata.org/entity/Q42433876,Palace Theatre,,http://cinematreasures.org/theaters/52158,1920s
http://www.wikidata.org/entity/Q42433927,Palace Theatre,,http://cinematreasures.org/theaters/32851,1950s
http://www.wikidata.org/entity/Q42433932,Palace Theatre,,http://cinematreasures.org/theaters/33372,1960s
http://www.wikidata.org/entity/Q42434055,Palace Theatre,,http://cinematreasures.org/theaters/52156,1954
http://www.wikidata.org/entity/Q42432116,Palm Drive-In,,http://cinematreasures.org/theaters/33143,1960s
http://www.wikidata.org/entity/Q42432368,Palm Drive-In,,http://cinematreasures.org/theaters/19526,1957
http://www.wikidata.org/entity/Q42433623,Palm Theatre,,http://cinematreasures.org/theaters/41206,1970s
http://www.wikidata.org/entity/Q42432757,Paris Adult Theatre,,http://cinematreasures.org/theaters/29828,1982-06
http://www.wikidata.org/entity/Q42433597,Park 12 Cobb Cinemas,http://www.georgiatheatrecompany.com/default.asp,http://cinematreasures.org/theaters/50779,2021
http://www.wikidata.org/entity/Q42433712,Park Theatre,,http://cinematreasures.org/theaters/41211,1900s
http://www.wikidata.org/entity/Q42434059,Park Twin Theatre,,http://cinematreasures.org/theaters/48944,1988
http://www.wikidata.org/entity/Q42433600,Parkaire Twin,,http://cinematreasures.org/theaters/4856,1900s
http://www.wikidata.org/entity/Q42434094,Parkway Value Cinemas 6,,http://cinematreasures.org/theaters/19974,8/4/2014
http://www.wikidata.org/entity/Q42433450,Parkwood Cinema 3,,http://cinematreasures.org/theaters/41826,1990s
http://www.wikidata.org/entity/Q42433778,Pastime Movie Grill,,http://cinematreasures.org/theaters/20596,1900s
http://www.wikidata.org/entity/Q42433257,Pastime Theatre,,http://cinematreasures.org/theaters/32037,1961
http://www.wikidata.org/entity/Q42432370,Patio Drive-In,,http://cinematreasures.org/theaters/32950,1960s
http://www.wikidata.org/entity/Q42433073,Peach Orchard Theatres,,http://cinematreasures.org/theaters/30075,1980s
http://www.wikidata.org/entity/Q42432946,Peachtree Art Theatre,,http://cinematreasures.org/theaters/11690,1971
http://www.wikidata.org/entity/Q42432033,Peachtree Drive-In,,http://cinematreasures.org/theaters/33131,1967
http://www.wikidata.org/entity/Q42432413,Penn Drive-In,,http://cinematreasures.org/theaters/33346,1970s
http://www.wikidata.org/entity/Q42432974,Perimeter Mall Theatre,,http://cinematreasures.org/theaters/12647,2000
http://www.wikidata.org/entity/Q42432336,Perry Drive-In,,http://cinematreasures.org/theaters/35022,1900s
http://www.wikidata.org/entity/Q42431980,Peter's Drive-In,,http://cinematreasures.org/theaters/33117,1900s
http://www.wikidata.org/entity/Q42432486,Pete's Drive-In,,http://cinematreasures.org/theaters/33521,1980s
http://www.wikidata.org/entity/Q42432049,Phillips Drive-In,,http://cinematreasures.org/theaters/33134,1900s
http://www.wikidata.org/entity/Q42432802,Phipps Plaza Theater,,http://cinematreasures.org/theaters/10831,1991
http://www.wikidata.org/entity/Q42433563,Pic Theatre,,http://cinematreasures.org/theaters/44605,1940s
http://www.wikidata.org/entity/Q42433132,Pictorium,,http://cinematreasures.org/theaters/17093,1900s
http://www.wikidata.org/entity/Q42431932,Piedmont Drive-In,,http://cinematreasures.org/theaters/18519,1967
http://www.wikidata.org/entity/Q42432334,Pike Drive-In,,http://cinematreasures.org/theaters/25452,1900s
http://www.wikidata.org/entity/Q42432661,Pine Theatre,,http://cinematreasures.org/theaters/56001,1900s
http://www.wikidata.org/entity/Q42433393,Pine Theatre,,http://cinematreasures.org/theaters/32240,1900s
http://www.wikidata.org/entity/Q42433714,Pine Theatre,,http://cinematreasures.org/theaters/51048,1900s
http://www.wikidata.org/entity/Q42433721,Pine Theatre,,http://cinematreasures.org/theaters/56008,1950
http://www.wikidata.org/entity/Q42432458,Pines Drive-In,,http://cinematreasures.org/theaters/32848,1900s
http://www.wikidata.org/entity/Q42433303,Plaza Cinema,,http://cinematreasures.org/theaters/41805,2000s
http://www.wikidata.org/entity/Q42433188,Plaza Cinemas,,http://cinematreasures.org/theaters/41790,1990
http://www.wikidata.org/entity/Q42433258,Plaza Theatre,,http://cinematreasures.org/theaters/18631,2014-02
http://www.wikidata.org/entity/Q42434096,Plaza Theatre,,http://cinematreasures.org/theaters/46178,1900s
http://www.wikidata.org/entity/Q42432950,Ponce de Leon Theatre,,http://cinematreasures.org/theaters/12218,1972
http://www.wikidata.org/entity/Q42433958,Price Theatre,,http://cinematreasures.org/theaters/38169,1950s
http://www.wikidata.org/entity/Q42431924,Prince Avenue Drive-In,,http://cinematreasures.org/theaters/33033,1900s
http://www.wikidata.org/entity/Q42433211,Princess Theater,http://www.whitecountynewstelegraph.com/articles/2005/03/29/opinions/opin02.txt,http://cinematreasures.org/theaters/11822,1900s
http://www.wikidata.org/entity/Q42433371,Princess Theatre,,http://cinematreasures.org/theaters/45594,1940s
http://www.wikidata.org/entity/Q42433461,Princess Theatre,,http://cinematreasures.org/theaters/54854,1947-02-11
http://www.wikidata.org/entity/Q42433518,Princess Theatre,,http://cinematreasures.org/theaters/41835,1900s
http://www.wikidata.org/entity/Q42433854,Promenade Theatre,,http://cinematreasures.org/theaters/16456,1993
http://www.wikidata.org/entity/Q42433221,Q42433221,,http://cinematreasures.org/theaters/16503,1949-01-24
http://www.wikidata.org/entity/Q42432340,Quitman Drive-In,,http://cinematreasures.org/theaters/33341,1960s
http://www.wikidata.org/entity/Q42434103,Rama Theater,,http://cinematreasures.org/theaters/18938,1900s
http://www.wikidata.org/entity/Q42433021,Regal Augusta Village Cinema 12,,http://cinematreasures.org/theaters/21853,2006
http://www.wikidata.org/entity/Q42433100,Regal Austell Road Cinema 10,,http://cinematreasures.org/theaters/41240,2000
http://www.wikidata.org/entity/Q42433088,Regency Exchange Cinema,,http://cinematreasures.org/theaters/21852,2000
http://www.wikidata.org/entity/Q42433094,Regency Mall Cinema I-II-III,,http://cinematreasures.org/theaters/9269,1996
http://www.wikidata.org/entity/Q42434113,Retro Cinema and Books,,http://cinematreasures.org/theaters/33935,1900s
http://www.wikidata.org/entity/Q42432250,Revel Drive-In,,http://cinematreasures.org/theaters/32808,1960s
http://www.wikidata.org/entity/Q42433451,Rex Theatre,,http://cinematreasures.org/theaters/29726,1970s
http://www.wikidata.org/entity/Q42432067,Rex View Drive-In.,,http://cinematreasures.org/theaters/32038,1980
http://www.wikidata.org/entity/Q7321007,Rhodes Center,,http://cinematreasures.org/theaters/11660,1900s
http://www.wikidata.org/entity/Q42433260,Rialto Theater,,http://cinematreasures.org/theaters/26992,1972
http://www.wikidata.org/entity/Q42433046,Rialto Theatre,,http://cinematreasures.org/theaters/30121,1956-01-18
http://www.wikidata.org/entity/Q42433136,Rialto Theatre,,http://cinematreasures.org/theaters/41786,1963
http://www.wikidata.org/entity/Q42433566,Rialto Theatre,,http://cinematreasures.org/theaters/32040,1962
http://www.wikidata.org/entity/Q42432859,Rialto Theatre (1916-1962),,http://cinematreasures.org/theaters/28022,1900s
http://www.wikidata.org/entity/Q42433738,Richland Theatre,,http://cinematreasures.org/theaters/33396,1900s
http://www.wikidata.org/entity/Q42433740,Ringo Theatre,,http://cinematreasures.org/theaters/22355,1956-12-15
http://www.wikidata.org/entity/Q42433124,Ritz Theater,,http://cinematreasures.org/theaters/28426,1950s
http://www.wikidata.org/entity/Q42433948,Ritz Theater,,http://cinematreasures.org/theaters/29142,1970s
http://www.wikidata.org/entity/Q42432690,Ritz Theatre,,http://cinematreasures.org/theaters/31991,1969
http://www.wikidata.org/entity/Q42433109,Ritz Theatre,,http://cinematreasures.org/theaters/13711,1960s
http://www.wikidata.org/entity/Q42433122,Ritz Theatre,,http://cinematreasures.org/theaters/17018,1970s
http://www.wikidata.org/entity/Q42433424,Ritz Theatre,,http://cinematreasures.org/theaters/20106,1961
http://www.wikidata.org/entity/Q42433569,Ritz Theatre,,http://cinematreasures.org/theaters/32041,1950s
http://www.wikidata.org/entity/Q42433699,Ritz Theatre,,http://cinematreasures.org/theaters/12862,1900s
http://www.wikidata.org/entity/Q42433974,Ritz Theatre,,http://cinematreasures.org/theaters/49115,1950s
http://www.wikidata.org/entity/Q42434066,Ritz Theatre,,http://cinematreasures.org/theaters/8951,1973-05
http://www.wikidata.org/entity/Q42432897,"Ritz Theatre, Grant Park",,http://cinematreasures.org/theaters/17346,1967
http://www.wikidata.org/entity/Q42433742,Riverdale Stadium 13 Discount Theater,,http://cinematreasures.org/theaters/26551,2010
http://www.wikidata.org/entity/Q42433570,Riverside Cinemas,,http://cinematreasures.org/theaters/16777,1997
http://www.wikidata.org/entity/Q42432263,Riverside Drive-In,,http://cinematreasures.org/theaters/41839,1980s
http://www.wikidata.org/entity/Q42433342,Rivoli Theatre,,http://cinematreasures.org/theaters/52515,1900s
http://www.wikidata.org/entity/Q42433753,Rivoli Theatre,,http://cinematreasures.org/theaters/16539,1955
http://www.wikidata.org/entity/Q42433747,Rochelle Theatre,,http://cinematreasures.org/theaters/56009,1900s
http://www.wikidata.org/entity/Q42432132,Rockdale Drive-In,,http://cinematreasures.org/theaters/33145,1900s
http://www.wikidata.org/entity/Q42433755,Rome III,,http://cinematreasures.org/theaters/32061,1988
http://www.wikidata.org/entity/Q42433758,Rome VII,,http://cinematreasures.org/theaters/35800,2000s
http://www.wikidata.org/entity/Q42432045,Roosevelt Drive-In,,http://cinematreasures.org/theaters/16779,1970s
http://www.wikidata.org/entity/Q42433354,Rose Theatre,,http://cinematreasures.org/theaters/19673,1900s
http://www.wikidata.org/entity/Q42433949,Rose Theatre,,http://cinematreasures.org/theaters/14306,1970s
http://www.wikidata.org/entity/Q42433769,Roswell Theatre,,http://cinematreasures.org/theaters/16190,1900s
http://www.wikidata.org/entity/Q42433772,Roswell Town Centre,,http://cinematreasures.org/theaters/16185,2009-09
http://www.wikidata.org/entity/Q42433427,Roxy Theater,,http://cinematreasures.org/theaters/23971,1900s
http://www.wikidata.org/entity/Q42433126,Roxy Theatre,,http://cinematreasures.org/theaters/32853,1960s
http://www.wikidata.org/entity/Q42433157,Roxy Theatre,,http://cinematreasures.org/theaters/16502,1900s
http://www.wikidata.org/entity/Q42433214,Roxy Theatre,,http://cinematreasures.org/theaters/21813,1900s
http://www.wikidata.org/entity/Q42433287,Roxy Theatre,,http://cinematreasures.org/theaters/51046,1950s
http://www.wikidata.org/entity/Q42433628,Roxy Theatre,,http://cinematreasures.org/theaters/56007,1900s
http://www.wikidata.org/entity/Q42433719,Roxy Theatre,,http://cinematreasures.org/theaters/42285,1900s
http://www.wikidata.org/entity/Q42433977,Roxy Theatre,,http://cinematreasures.org/theaters/55848,1955
http://www.wikidata.org/entity/Q7372475,Roxy Theatre,,http://cinematreasures.org/theaters/10331,1972
http://www.wikidata.org/entity/Q42433139,Royal Theater,,http://cinematreasures.org/theaters/26345,1900s
http://www.wikidata.org/entity/Q42433430,Royal Theater,,http://cinematreasures.org/theaters/20624,1979
http://www.wikidata.org/entity/Q42432996,Royal Theatre,,http://cinematreasures.org/theaters/16455,1969
http://www.wikidata.org/entity/Q42433272,Salem Gate Cinema,,http://cinematreasures.org/theaters/14031,1900s
http://www.wikidata.org/entity/Q42432992,Sandy Springs Mini Cinema,,http://cinematreasures.org/theaters/12161,1979
http://www.wikidata.org/entity/Q42432114,Scott Drive-In,,http://cinematreasures.org/theaters/20222,1977
http://www.wikidata.org/entity/Q42432805,Screening Room,,http://cinematreasures.org/theaters/12132,1998
http://www.wikidata.org/entity/Q42432428,Screven Drive-In,,http://cinematreasures.org/theaters/30641,1900s
http://www.wikidata.org/entity/Q42432951,Selecta Theatre,,http://cinematreasures.org/theaters/20807,1910s
http://www.wikidata.org/entity/Q42434025,Shannon 8,,http://cinematreasures.org/theaters/12113,2001
http://www.wikidata.org/entity/Q42434026,Shannon Mall 7,,http://cinematreasures.org/theaters/12112,1998
http://www.wikidata.org/entity/Q42432202,Sherryl Drive-In,,http://cinematreasures.org/theaters/53997,1900s
http://www.wikidata.org/entity/Q42433432,Sherwood Twin Theatre,,http://cinematreasures.org/theaters/30689,1993-03
http://www.wikidata.org/entity/Q42433060,Show Palace Theatre,,http://cinematreasures.org/theaters/36952,1955
http://www.wikidata.org/entity/Q42433407,Signal Theater,,http://cinematreasures.org/theaters/33423,2012
http://www.wikidata.org/entity/Q42432808,Silver Screen Theatre,,http://cinematreasures.org/theaters/12131,1900s
http://www.wikidata.org/entity/Q42431948,Skyview Drive-In,,http://cinematreasures.org/theaters/30029,1970s
http://www.wikidata.org/entity/Q42432120,Skyview Drive-In,,http://cinematreasures.org/theaters/33144,1980s
http://www.wikidata.org/entity/Q42432173,Skyview Drive-In,,http://cinematreasures.org/theaters/33180,1900s
http://www.wikidata.org/entity/Q42432431,Skyview Drive-In,,http://cinematreasures.org/theaters/30642,1900s
http://www.wikidata.org/entity/Q42432386,Skyvue Drive-In,,http://cinematreasures.org/theaters/33345,1970s
http://www.wikidata.org/entity/Q42432015,Skyway Drive-In,,http://cinematreasures.org/theaters/33128,1900s
http://www.wikidata.org/entity/Q42432146,Skyway Drive-In,,http://cinematreasures.org/theaters/33148,1970s
http://www.wikidata.org/entity/Q42432480,Skyway Drive-In,,http://cinematreasures.org/theaters/32112,1900s
http://www.wikidata.org/entity/Q42431788,Slappey Drive-In,,http://cinematreasures.org/theaters/31992,1985
http://www.wikidata.org/entity/Q42432375,Smyrna Drive-In,,http://cinematreasures.org/theaters/20067,1970s
http://www.wikidata.org/entity/Q42433263,Snak-Vu Drive in,,http://cinematreasures.org/theaters/38493,1900s
http://www.wikidata.org/entity/Q42433859,Snellville Cinema 5,,http://cinematreasures.org/theaters/33262,1997
http://www.wikidata.org/entity/Q42433332,South Dekalb Cinemas 12,http://www.satellite-cinemas.com,http://cinematreasures.org/theaters/11762,2017
http://www.wikidata.org/entity/Q42432153,South Expressway Drive-In 1 & 2,,http://cinematreasures.org/theaters/20174,1985
http://www.wikidata.org/entity/Q42433414,Southgate 5 Theatre,,http://cinematreasures.org/theaters/41818,2005
http://www.wikidata.org/entity/Q42433056,Southgate Cinema,,http://cinematreasures.org/theaters/29997,2018
http://www.wikidata.org/entity/Q42433671,Southlake Plaza,,http://cinematreasures.org/theaters/15221,1997
http://www.wikidata.org/entity/Q42433075,Southside Twin Cinemas,,http://cinematreasures.org/theaters/29999,1985-06
http://www.wikidata.org/entity/Q42431796,Sowega Drive-In,,http://cinematreasures.org/theaters/33105,1970s
http://www.wikidata.org/entity/Q42432192,Spalding Drive-In,,http://cinematreasures.org/theaters/33184,1960s
http://www.wikidata.org/entity/Q42433047,Star Theatre,,http://cinematreasures.org/theaters/33125,1900s
http://www.wikidata.org/entity/Q42433652,Star Theatre,,http://cinematreasures.org/theaters/30357,1900s
http://www.wikidata.org/entity/Q42433730,Star Theatre,,http://cinematreasures.org/theaters/16594,1960s
http://www.wikidata.org/entity/Q42433817,Star Theatre,,http://cinematreasures.org/theaters/16531,1960s
http://www.wikidata.org/entity/Q42433980,Star Theatre,,http://cinematreasures.org/theaters/49116,1920s
http://www.wikidata.org/entity/Q42434000,Star Theatre,,http://cinematreasures.org/theaters/31995,1950
http://www.wikidata.org/entity/Q42432438,Stardust Drive-In,,http://cinematreasures.org/theaters/33519,1900s
http://www.wikidata.org/entity/Q42432020,Starlight Drive-In,,http://cinematreasures.org/theaters/33129,1980s
http://www.wikidata.org/entity/Q42431983,Starlite Drive-In,,http://cinematreasures.org/theaters/33118,1900s
http://www.wikidata.org/entity/Q42432266,Starlite Drive-In,,http://cinematreasures.org/theaters/32949,1900s
http://www.wikidata.org/entity/Q42432305,Starlite Drive-In,,http://cinematreasures.org/theaters/11882,1970s
http://www.wikidata.org/entity/Q42432355,Starlite Drive-In,,http://cinematreasures.org/theaters/33343,1960s
http://www.wikidata.org/entity/Q42432168,Starry Night Drive-In,http://www.starrynightdrivein.com,http://cinematreasures.org/theaters/25135,2010s
http://www.wikidata.org/entity/Q42433435,State Theatre,,http://cinematreasures.org/theaters/41821,1950s
http://www.wikidata.org/entity/Q42433899,State Theatre,,http://cinematreasures.org/theaters/16543,1900s
http://www.wikidata.org/entity/Q42431943,Stewart Drive-In,,http://cinematreasures.org/theaters/21643,1967
http://www.wikidata.org/entity/Q42432204,Stewart Drive-In,,http://cinematreasures.org/theaters/33188,1970s
http://www.wikidata.org/entity/Q42433545,Stonecrest 16 + IMAX,http://www.newvisiontheatres.com,http://cinematreasures.org/theaters/33249,2020-03-16
http://www.wikidata.org/entity/Q42433916,Stonemont Theatre,,http://cinematreasures.org/theaters/11767,1998
http://www.wikidata.org/entity/Q42432761,Strand Theater,,http://cinematreasures.org/theaters/23950,1954
http://www.wikidata.org/entity/Q42433286,Strand Theater,,http://cinematreasures.org/theaters/31685,1950s
http://www.wikidata.org/entity/Q42432697,Strand Theatre,,http://cinematreasures.org/theaters/16499,1900s
http://www.wikidata.org/entity/Q42432861,Strand Theatre,,http://cinematreasures.org/theaters/51489,1923-03
http://www.wikidata.org/entity/Q42432886,Strand Theatre,,http://cinematreasures.org/theaters/11729,1960s
http://www.wikidata.org/entity/Q42433049,Strand Theatre,,http://cinematreasures.org/theaters/33123,1921-11
http://www.wikidata.org/entity/Q42433982,Strand Theatre,,http://cinematreasures.org/theaters/49117,1934
http://www.wikidata.org/entity/Q42434034,Strand Theatre,,http://cinematreasures.org/theaters/44602,1932
http://www.wikidata.org/entity/Q42434069,Strand Theatre,,http://cinematreasures.org/theaters/49167,1970s
http://www.wikidata.org/entity/Q42434136,Strand Theatre,,http://cinematreasures.org/theaters/20104,1900s
http://www.wikidata.org/entity/Q42432718,Studio Movie Grill,http://www.studiomoviegrill.com,http://cinematreasures.org/theaters/33579,2020-03-16
http://www.wikidata.org/entity/Q42433333,Suburban Plaza Theatre,,http://cinematreasures.org/theaters/11669,1984
http://www.wikidata.org/entity/Q42431810,Sunset Drive-In,,http://cinematreasures.org/theaters/33107,1975
http://www.wikidata.org/entity/Q42431986,Sunset Drive-In,,http://cinematreasures.org/theaters/33119,1960s
http://www.wikidata.org/entity/Q42432320,Sunset Drive-In,,http://cinematreasures.org/theaters/36873,1980
http://www.wikidata.org/entity/Q42433702,Swan Theatre,,http://cinematreasures.org/theaters/12861,1900s
http://www.wikidata.org/entity/Q42434086,Sweet Onion Cinema 5,,http://cinematreasures.org/theaters/41894,1900s
http://www.wikidata.org/entity/Q42432963,Sylvan Theatre,,http://cinematreasures.org/theaters/12157,1957
http://www.wikidata.org/entity/Q42433928,Sylvia Theatre,,http://cinematreasures.org/theaters/43237,1900s
http://www.wikidata.org/entity/Q42433934,Sylvia Theatre,,http://cinematreasures.org/theaters/54753,1938
http://www.wikidata.org/entity/Q42433819,Tara Cinema,,http://cinematreasures.org/theaters/22442,1900s
http://www.wikidata.org/entity/Q42433492,Tara Theatre,,http://cinematreasures.org/theaters/13928,1957
http://www.wikidata.org/entity/Q42432863,Techwood Theatre,,http://cinematreasures.org/theaters/12640,1970
http://www.wikidata.org/entity/Q42432899,Temple Theatre,,http://cinematreasures.org/theaters/11661,1967
http://www.wikidata.org/entity/Q42433822,Terrace Theater,,http://cinematreasures.org/theaters/32319,1900s
http://www.wikidata.org/entity/Q42432106,Terrell Drive-In,,http://cinematreasures.org/theaters/33137,1960s
http://www.wikidata.org/entity/Q42433573,Theatorium,,http://cinematreasures.org/theaters/44507,1900s
http://www.wikidata.org/entity/Q42433462,Thompson Theatre,,http://cinematreasures.org/theaters/12641,1947-02-11
http://www.wikidata.org/entity/Q42433965,Thomson Twin Cinema,,http://cinematreasures.org/theaters/19627,2021
http://www.wikidata.org/entity/Q42433266,Three Arts,,http://cinematreasures.org/theaters/4945,1957
http://www.wikidata.org/entity/Q42431940,Thunderbird Drive-In,,http://cinematreasures.org/theaters/21873,1979
http://www.wikidata.org/entity/Q42432462,Toccoa Drive-In,,http://cinematreasures.org/theaters/33088,1980s
http://www.wikidata.org/entity/Q42434004,Toccoa Triple Ciinema,,http://cinematreasures.org/theaters/41875,2012
http://www.wikidata.org/entity/Q42433209,Tos Theatre,,http://cinematreasures.org/theaters/38729,1976-11
http://www.wikidata.org/entity/Q42433220,Tos Theatre,,http://cinematreasures.org/theaters/50433,1900s
http://www.wikidata.org/entity/Q42433717,Tos Theatre,,http://cinematreasures.org/theaters/50434,1900s
http://www.wikidata.org/entity/Q42433501,Town Center 6,,http://cinematreasures.org/theaters/17463,2005
http://www.wikidata.org/entity/Q42433537,Town Center Value Cinemas 10,,http://cinematreasures.org/theaters/32458,2015-03-15
http://www.wikidata.org/entity/Q42433987,Towne Cinema,,http://cinematreasures.org/theaters/48943,1989-09-07
http://www.wikidata.org/entity/Q42432199,Trail Drive-In,,http://cinematreasures.org/theaters/33187,1900s
http://www.wikidata.org/entity/Q42434012,Trion Theatre,,http://cinematreasures.org/theaters/41881,1950s
http://www.wikidata.org/entity/Q42433522,Troup Theatre,,http://cinematreasures.org/theaters/16542,1900s
http://www.wikidata.org/entity/Q42433661,Troy Theater,,http://cinematreasures.org/theaters/30258,1900s
http://www.wikidata.org/entity/Q42432887,Tudor Theatre,,http://cinematreasures.org/theaters/21806,1928
http://www.wikidata.org/entity/Q42432700,Turner Air Force Base Theatre,,http://cinematreasures.org/theaters/44547,1974
http://www.wikidata.org/entity/Q42432724,Turner Theater,,http://cinematreasures.org/theaters/21795,1972-07-25
http://www.wikidata.org/entity/Q42432998,Twelve Oaks Theatre,,http://cinematreasures.org/theaters/11811,1999
http://www.wikidata.org/entity/Q42432288,Twin City Drive-In,,http://cinematreasures.org/theaters/33306,1900s
http://www.wikidata.org/entity/Q42432865,Twin Theatre,,http://cinematreasures.org/theaters/38814,1900s
http://www.wikidata.org/entity/Q42432496,U.S. 1 Drive-In,,http://cinematreasures.org/theaters/32833,1980s
http://www.wikidata.org/entity/Q42433653,Uncle Sam's Theatre,,http://cinematreasures.org/theaters/30361,1900s
http://www.wikidata.org/entity/Q42432967,Underground Cinema,,http://cinematreasures.org/theaters/31932,1900s
http://www.wikidata.org/entity/Q42434029,Union Theatre,http://uniontheatre.net,http://cinematreasures.org/theaters/29240,1960s
http://www.wikidata.org/entity/Q42432443,Upson Drive-In,,http://cinematreasures.org/theaters/33347,1900s
http://www.wikidata.org/entity/Q42433000,Vaudette Theatre,,http://cinematreasures.org/theaters/44624,1920s
http://www.wikidata.org/entity/Q42433361,Venture Cinemas 12,http://venturecinema12.com,http://cinematreasures.org/theaters/32311,2021-03-16
http://www.wikidata.org/entity/Q42432072,Victory Drive-In,,http://cinematreasures.org/theaters/32959,1976
http://www.wikidata.org/entity/Q42432374,Victory Drive-In,,http://cinematreasures.org/theaters/19528,1978
http://www.wikidata.org/entity/Q42433824,Victory Square Stadium 9,http://www.franktheatres.com,http://cinematreasures.org/theaters/19520,2018
http://www.wikidata.org/entity/Q42433828,Victory Theatre,,http://cinematreasures.org/theaters/32243,1970s
http://www.wikidata.org/entity/Q42434088,Vienna Theatre,,http://cinematreasures.org/theaters/48728,1900s
http://www.wikidata.org/entity/Q42434022,Village Theatre,,http://cinematreasures.org/theaters/13468,1980s
http://www.wikidata.org/entity/Q42433182,Village Twin Theatre,,http://cinematreasures.org/theaters/41789,1985
http://www.wikidata.org/entity/Q42433402,Walker Theatre,,http://cinematreasures.org/theaters/8726,1963
http://www.wikidata.org/entity/Q42432493,Washington Drive-In,,http://cinematreasures.org/theaters/32802,1950s
http://www.wikidata.org/entity/Q42432498,Waycross Drive-In,,http://cinematreasures.org/theaters/32846,1960s
http://www.wikidata.org/entity/Q42432503,Waynesboro Drive-In,,http://cinematreasures.org/theaters/30640,1960s
http://www.wikidata.org/entity/Q42433832,Weis Auto Twin,,http://cinematreasures.org/theaters/19529,1982
http://www.wikidata.org/entity/Q42431971,Weis Drive-In,,http://cinematreasures.org/theaters/30146,1900s
http://www.wikidata.org/entity/Q42432268,Weis Drive-In,,http://cinematreasures.org/theaters/44505,1900s
http://www.wikidata.org/entity/Q42433506,Wells Theater,,http://cinematreasures.org/theaters/29156,1965
http://www.wikidata.org/entity/Q42434106,Wellston Theatre,,http://cinematreasures.org/theaters/33671,1900s
http://www.wikidata.org/entity/Q42433020,West End Theatre,,http://cinematreasures.org/theaters/11634,1950s
http://www.wikidata.org/entity/Q42432351,West Rome Drive-In,,http://cinematreasures.org/theaters/33342,1980s
http://www.wikidata.org/entity/Q42433579,Westgate 6,,http://cinematreasures.org/theaters/17560,1990s
http://www.wikidata.org/entity/Q42433355,Westgate Cinema 4,,http://cinematreasures.org/theaters/41814,2005
http://www.wikidata.org/entity/Q42432988,Westgate Theatre,,http://cinematreasures.org/theaters/11534,1988
http://www.wikidata.org/entity/Q42433705,Westpark Walk Village,,http://cinematreasures.org/theaters/15222,2000
http://www.wikidata.org/entity/Q42434117,Wilkes Theatre,,http://cinematreasures.org/theaters/15198,1980s
http://www.wikidata.org/entity/Q42433311,Wink Theatre,http://www.winktheatre.com,http://cinematreasures.org/theaters/10373,2005
http://www.wikidata.org/entity/Q42432508,Woodbury Drive-In,,http://cinematreasures.org/theaters/33672,1900s
http://www.wikidata.org/entity/Q42434138,Woodbury Theatre,,http://cinematreasures.org/theaters/56010,1900s
http://www.wikidata.org/entity/Q42433281,Woods Theatre,,http://cinematreasures.org/theaters/52513,1900s
http://www.wikidata.org/entity/Q42432433,Worth Drive-In,,http://cinematreasures.org/theaters/32850,1960s
http://www.wikidata.org/entity/Q42432435,Worth Drive-In,,http://cinematreasures.org/theaters/43238,1900s