Code,organization_label (en),REF URL organization_label (en),RET DAT organization_label (en),description (en),alias (en),instance of (P31),REF URL instance of (P31),RET DAT instance of (P31),located at street address (P6375),REF URL located at street address (P6375),RET DAT located at street address (P6375),city (P131),REF URL city (P131),RET DAT city (P131),county (P131),REF URL county (P131),RET DAT county (P131),state (P131),REF URL state (P131),RET DAT state (P131),country (P17),REF URL country (P17),RET DAT country (P17),phone number (P1329),REF URL phone number (P1329),RET DAT phone number (P1329),email address (P968),REF URL email address (P968),RET DAT email address (P968),official website (P856),REF URL official website (P856),RET DAT official website (P856),inception (P571),REF URL inception (P571),RET DAT inception (P571),"dissolved, abolished or demolished (P576)","REF URL dissolved, abolished or demolished (P576)","RET DAT dissolved, abolished or demolished (P576)",parent organization (P749),REF URL parent organization (P749),RET DAT parent organization (P749),subsidiaries (P355),REF URL subsidiaries (P355),RET DAT subsidiaries (P355),PO Box (P2918),REF URL PO Box (P2918),RET DAT PO Box (P2918),Postal Code (P281),REF URL Postal Code (P281),RET DAT Postal Code (P281),Facebook ID (P2013),REF URL Facebook ID (P2013),RET DAT Facebook ID (P2013)," Source Notes"," Internal Notes"
,Fairmount City Library,,,,,,,,"150 North Avenue Fairmount, GA 30139",,,,,,,,,,,,,,,,+1-706-337-3110,,,,,,,,,,,,,,,,,,,,,,,,,,,,,,
,Newnan Carnegie,,,,,,,,"1 LaGrange Street Newnan, GA 30263",,,,,,,,,,,,,,,,+1-770-683-1347,,,,,,,,,,,,,,,,,,,,,,,,,,,,,,
,Sayers Memorial Library,,,,,,,,"6870 Wold Avenue, Bldg. 93 Fort Benning, GA 31905",,,,,,,,,,,,,,,,+1-706-545-4911,,,,,,,,,,,,,,,,,,,,,,,,,,,,,,
,Smyrna Public Library,,,,,,,,"100 Village Green Circle Smyrna, GA 30080",,,,,,,,,,,,,,,,+1-770-431-2860,,,,,,,,,,,,,,,,,,,,,,,,,,,,,,
,Athens-Clarke County Library,,,,,,,,"2025 Baxter Street Athens, GA 30606",,,,,,,,,,,,,,,,+1-706-613-3650,,,,,,,,,,,,,,Athens Regional Library System,,,,,,,,,,,,,,,,
,Bogart Branch Library,,,,,,,,"200 South Burson Avenue Bogart, GA 30622",,,,,,,,,,,,,,,,+1-770-725-9443,,,,,,,,,,,,,,Athens Regional Library System,,,,,,,,,,,,,,,,
,East Athens Community Resource Center,,,,,,,,"400 McKinley Drive Athens, GA 30601",,,,,,,,,,,,,,,,+1-706-613-3657,,,,,,,,,,,,,,Athens Regional Library System,,,,,,,,,,,,,,,,
,Lavonia-Carnegie Library,,,,,,,,"28 Hartwell Road Lavonia, GA 30553",,,,,,,,,,,,,,,,+1-706-356-4307,,,,,,,,,,,,,,Athens Regional Library System,,,,,,,,,,,,,,,,
,Lay Park Community Resource Center,,,,,,,,"297 Hoyt Street Athens, GA 30601",,,,,,,,,,,,,,,,+1-706-613-3667,,,,,,,,,,,,,,Athens Regional Library System,,,,,,,,,,,,,,,,
,Madison County Library,,,,,,,,"1315 Highway 98 West Danielsville, GA 30633",,,,,,,,,,,,,,,,+1-706-795-5597,,,,,,,,,,,,,,Athens Regional Library System,,,,,,,,,,,,,,,,
,Oconee County Library,,,,,,,,"1080 Experiment Station Road Watkinsville, GA 30677",,,,,,,,,,,,,,,,+1-706-769-3950,,,,,,,,,,,,,,Athens Regional Library System,,,,,,,,,,,,,,,,
,Oglethorpe County Library,,,,,,,,"858 Athens Road Lexington, GA 30648",,,,,,,,,,,,,,,,+1-706-743-8817,,,,,,,,,,,,,,Athens Regional Library System,,,,,,,,,,,,,,,,
,Pinewoods Branch,,,,,,,,"1465 US Hwy 29, North Lot G-10 Athens, GA 30601",,,,,,,,,,,,,,,,+1-706-613-3708,,,,,,,,,,,,,,Athens Regional Library System,,,,,,,,,,,,,,,,
,Royston Branch Library,,,,,,,,"634 Franklin Springs Street Royston, GA 30662",,,,,,,,,,,,,,,,+1-706-245-6748,,,,,,,,,,,,,,Athens Regional Library System,,,,,,,,,,,,,,,,
,Winterville Branch Library,,,,,,,,"115 Marigold Lane Winterville, GA 30683",,,,,,,,,,,,,,,,+1-706-742-7735,,,,,,,,,,,,,,Athens Regional Library System,,,,,,,,,,,,,,,,
,Adams Park Branch,,,,,,,,"2231 Campbellton Road SW Atlanta, GA 30311",,,,,,,,,,,,,,,,+1-404-752-8763,,,,,,,,,,,,,,Atlanta-Fulton Public Library System,,,,,,,,,,,,,,,,
,Adamsville-Collier Heights Branch,,,,,,,,"3424 Martin Luther King Jr. Drive Atlanta, GA 30331",,,,,,,,,,,,,,,,+1-404-699-4206,,,,,,,,,,,,,,Atlanta-Fulton Public Library System,,,,,,,,,,,,,,,,
,Alpharetta Library,,,,,,,,"10 Park Plaza Alpharetta, GA 30009",,,,,,,,,,,,,,,,+1-404-613-6735,,,,,,,,,,,,,,Atlanta-Fulton Public Library System,,,,,,,,,,,,,,,,
,Auburn Avenue Research Library,,,,,,,,"101 Auburn Avenue NE Atlanta, GA 30303",,,,,,,,,,,,,,,,+1-404-730-4001,,,,,,,,,,,,,,Atlanta-Fulton Public Library System,,,,,,,,,,,,,,,,
,Buckhead Branch,,,,,,,,"269 Buckhead Avenue NE Atlanta, GA 30305",,,,,,,,,,,,,,,,+1-404-814-3500,,,,,,,,,,,,,,Atlanta-Fulton Public Library System,,,,,,,,,,,,,,,,
,Central Library (Atlanta-Fulton PLS),,,,,,,,"One Margaret Mitchell Square Atlanta, GA 30303",,,,,,,,,,,,,,,,+1-404-730-1700,,,,,,,,,,,,,,Atlanta-Fulton Public Library System,,,,,,,,,,,,,,,,
,Cleveland Avenue Branch,,,,,,,,"47 Cleveland Avenue SW Atlanta, GA 30315",,,,,,,,,,,,,,,,+1-404-762-4116,,,,,,,,,,,,,,Atlanta-Fulton Public Library System,,,,,,,,,,,,,,,,
,College Park Branch,,,,,,,,"3647 Main Street College Park, GA 30337",,,,,,,,,,,,,,,,+1-404-762-4060,,,,,,,,,,,,,,Atlanta-Fulton Public Library System,,,,,,,,,,,,,,,,
,Dogwood Branch,,,,,,,,"1838 Donald Lee Hollowell Parkway NW Atlanta, GA 30318",,,,,,,,,,,,,,,,+1-404-792-4961,,,,,,,,,,,,,,Atlanta-Fulton Public Library System,,,,,,,,,,,,,,,,
,East Atlanta Branch,,,,,,,,"400 Flat Shoals Avenue SE Atlanta, GA 30316",,,,,,,,,,,,,,,,+1-404-730-5438,,,,,,,,,,,,,,Atlanta-Fulton Public Library System,,,,,,,,,,,,,,,,
,East Point Branch,,,,,,,,"2757 Main Street East Point, GA 30344",,,,,,,,,,,,,,,,+1-404-762-4842,,,,,,,,,,,,,,Atlanta-Fulton Public Library System,,,,,,,,,,,,,,,,
,East Roswell Branch,,,,,,,,"2301 Holcomb Bridge Road Roswell, GA 30076",,,,,,,,,,,,,,,,+1-404-613-4050,,,,,,,,,,,,,,Atlanta-Fulton Public Library System,,,,,,,,,,,,,,,,
,Fairburn Branch,,,,,,,,"60 Valley View Drive Fairburn, GA 30213",,,,,,,,,,,,,,,,+1-770-306-3138,,,,,,,,,,,,,,Atlanta-Fulton Public Library System,,,,,,,,,,,,,,,,
,Hapeville Branch,,,,,,,,"525 King Arnold Street Hapeville, GA 30354",,,,,,,,,,,,,,,,+1-404-762-4065,,,,,,,,,,,,,,Atlanta-Fulton Public Library System,,,,,,,,,,,,,,,,
,Kirkwood Branch,,,,,,,,"11 Kirkwood Road SE Atlanta, GA 30317",,,,,,,,,,,,,,,,+1-404-377-6471,,,,,,,,,,,,,,Atlanta-Fulton Public Library System,,,,,,,,,,,,,,,,
,Martin Luther King Jr Branch,,,,,,,,"409 John Wesley Dobbs Avenue Atlanta, GA 30312",,,,,,,,,,,,,,,,+1-404-730-1185,,,,,,,,,,,,,,Atlanta-Fulton Public Library System,,,,,,,,,,,,,,,,
,Mechanicsville Branch,,,,,,,,"400 Formwalt Street SW Atlanta, GA 30312",,,,,,,,,,,,,,,,+1-404-730-4779,,,,,,,,,,,,,,Atlanta-Fulton Public Library System,,,,,,,,,,,,,,,,
,Metropolitan Branch,,,,,,,,"1332 Metropolitan Parkway Atlanta, GA 30310",,,,,,,,,,,,,,,,+1-404-613-5722,,,,,,,,,,,,,,Atlanta-Fulton Public Library System,,,,,,,,,,,,,,,,
,Milton Branch,,,,,,,,"855 Mayfield Rd Milton, GA 30009",,,,,,,,,,,,,,,,+1-404-730-1700,,,,,,,,,,,,,,Atlanta-Fulton Public Library System,,,,,,,,,,,,,,,,
,Northeast/Spruill Oaks Branch,,,,,,,,"9560 Spruill Road Johns Creek, GA 30022",,,,,,,,,,,,,,,,+1-770-360-8820,,,,,,,,,,,,,,Atlanta-Fulton Public Library System,,,,,,,,,,,,,,,,
,Northside Branch,,,,,,,,"3295 Northside Parkway NW Atlanta, GA 30327",,,,,,,,,,,,,,,,+1-404-814-3508,,,,,,,,,,,,,,Atlanta-Fulton Public Library System,,,,,,,,,,,,,,,,
,Northwest Branch at Scotts Crossing,,,,,,,,"2489 Perry Boulevard Atlanta, GA 30318",,,,,,,,,,,,,,,,+1-404-613-4364,,,,,,,,,,,,,,Atlanta-Fulton Public Library System,,,,,,,,,,,,,,,,
,Ocee Branch,,,,,,,,"5090 Abbotts Bridge Rd. Johns Creek, GA 30005",,,,,,,,,,,,,,,,+1-770-360-8897,,,,,,,,,,,,,,Atlanta-Fulton Public Library System,,,,,,,,,,,,,,,,
,Palmetto Branch,,,,,,,,"9111 Cascade Palmetto Highway Palmetto, GA 30268",,,,,,,,,,,,,,,,+1-404-613-4075,,,,,,,,,,,,,,Atlanta-Fulton Public Library System,,,,,,,,,,,,,,,,
,Peachtree Branch,,,,,,,,"1315 Peachtree Street NE Atlanta, GA 30309",,,,,,,,,,,,,,,,+1-404-885-7830,,,,,,,,,,,,,,Atlanta-Fulton Public Library System,,,,,,,,,,,,,,,,
,Ponce de Leon Branch,,,,,,,,"980 Ponce de Leon Avenue NE Atlanta, GA 30306",,,,,,,,,,,,,,,,+1-404-885-7820,,,,,,,,,,,,,,Atlanta-Fulton Public Library System,,,,,,,,,,,,,,,,
,Roswell Branch,,,,,,,,"115 Norcross Street Roswell, GA 30075",,,,,,,,,,,,,,,,+1-770-640-3075,,,,,,,,,,,,,,Atlanta-Fulton Public Library System,,,,,,,,,,,,,,,,
,Sandy Springs Branch,,,,,,,,"395 Mount Vernon Highway Atlanta, GA 30328",,,,,,,,,,,,,,,,+1-404-303-6130,,,,,,,,,,,,,,Atlanta-Fulton Public Library System,,,,,,,,,,,,,,,,
,South Fulton Branch,,,,,,,,"4055 Flat Shoals SW Union City, GA 30291",,,,,,,,,,,,,,,,+1-770-306-3092,,,,,,,,,,,,,,Atlanta-Fulton Public Library System,,,,,,,,,,,,,,,,
,Southeast Atlanta Branch,,,,,,,,"1463 Pryor Road Atlanta, GA 30315",,,,,,,,,,,,,,,,+1-404-613-5771,,,,,,,,,,,,,,Atlanta-Fulton Public Library System,,,,,,,,,,,,,,,,
,Southwest Branch,,,,,,,,"3665 Cascade Road SW Atlanta, GA 30331",,,,,,,,,,,,,,,,+1-404-699-6363,,,,,,,,,,,,,,Atlanta-Fulton Public Library System,,,,,,,,,,,,,,,,
,Washington Park Branch,,,,,,,,"1116 Martin Luther King Jr. Drive Atlanta, GA 30314",,,,,,,,,,,,,,,,+1-404-752-8760,,,,,,,,,,,,,,Atlanta-Fulton Public Library System,,,,,,,,,,,,,,,,
,West End Branch,,,,,,,,"525 Peeples Street SW Atlanta, GA 30310",,,,,,,,,,,,,,,,+1-404-752-8740,,,,,,,,,,,,,,Atlanta-Fulton Public Library System,,,,,,,,,,,,,,,,
,Wolf Creek Branch,,,,,,,,"3100 Enon Road, SW Atlanta, GA 30331",,,,,,,,,,,,,,,,+1-404-613-4255,,,,,,,,,,,,,,Atlanta-Fulton Public Library System,,,,,,,,,,,,,,,,
,Appleby Branch Library,,,,,,,,"2260 Walton Way Augusta, GA 30904",,,,,,,,,,,,,,,,+1-706-736-6244,,,,,,,,,,,,,,Augusta-Richmond County Library System,,,,,,,,,,,,,,,,
,Augusta-Richmond County Public Library,,,,,,,,"823 Telfair St Augusta, GA 30901",,,,,,,,,,,,,,,,+1-706-821-2600,,,,,,,,,,,,,,Augusta-Richmond County Library System,,,,,,,,,,,,,,,,
,Diamond Lakes Branch Library,,,,,,,,"101 Diamond Lakes Way Hephzibah, GA 30815",,,,,,,,,,,,,,,,+1-706-772-2432,,,,,,,,,,,,,,Augusta-Richmond County Library System,,,,,,,,,,,,,,,,
,Friedman Branch Library,,,,,,,,"1447 Jackson Road Augusta, GA 30909",,,,,,,,,,,,,,,,+1-706-736-6758,,,,,,,,,,,,,,Augusta-Richmond County Library System,,,,,,,,,,,,,,,,
,Jeff Maxwell Branch Library,,,,,,,,"1927 Lumpkin Road Augusta, GA 30906",,,,,,,,,,,,,,,,+1-706-793-2020,,,,,,,,,,,,,,Augusta-Richmond County Library System,,,,,,,,,,,,,,,,
,Wallace Branch Library,,,,,,,,"1237 Laney Walker Boulevard Augusta, GA 30901",,,,,,,,,,,,,,,,+1-706-722-6275,,,,,,,,,,,,,,Augusta-Richmond County Library System,,,,,,,,,,,,,,,,
,Adairsville Public Library,,,,,,,,"202 North Main Street Adairsville, GA 30103",,,,,,,,,,,,,,,,+1-770-769-9200,,,,,,,,,,,,,,Bartow County Library System,,,,,,,,,,,,,,,,
,Cartersville Main Street Library,,,,,,,,"429 West Main Street Cartersville, GA 30120",,,,,,,,,,,,,,,,+1-770-382-4203,,,,,,,,,,,,,,Bartow County Library System,,,,,,,,,,,,,,,,
,Emmie Nelson Library,,,,,,,,"116 Covered Bridge Road Cartersville, GA 30120",,,,,,,,,,,,,,,,+1-770-382-2057,,,,,,,,,,,,,,Bartow County Library System,,,,,,,,,,,,,,,,
,Mary Willis Library,,,,,,,,"204 East Liberty Street Washington, GA 30673",,,,,,,,,,,,,,,,+1-706-678-7736,,,,,,,,,,,,,,Bartram Trail Regional Library,,,,,,,,,,,,,,,,
,Taliaferro County Library,,,,,,,,"117 Askin Street Crawfordville, GA 30671",,,,,,,,,,,,,,,,+1-706-456-2531,,,,,,,,,,,,,,Bartram Trail Regional Library,,,,,,,,,,,,,,,,
,Thomson-McDuffie County Library,,,,,,,,"338 Main Street Thomson, GA 30824",,,,,,,,,,,,,,,,+1-706-595-1341,,,,,,,,,,,,,,Bartram Trail Regional Library,,,,,,,,,,,,,,,,
,Brooks County Public Library,,,,,,,,"404 Barwick Road Quitman, GA 31643",,,,,,,,,,,,,,,,+1-229-263-4412,,,,,,,,,,,,,,Brooks County Public Library,,,,,,,,,,,,,,,,
,Catoosa County Library at Benton Place Campus,,,,,,,,"108 Catoosa Circle Ringgold, GA 30736",,,,,,,,,,,,,,,,+1-706-965-3600,,,,,,,,,,,,,,Catoosa County Library System,,,,,,,,,,,,,,,,
,Columbus Public Library,,,,,,,,"3000 Macon Rd Columbus, GA 31906",,,,,,,,,,,,,,,,+1-706-243-2669,,,,,,,,,,,,,,Chattahoochee Valley Libraries,,,,,,,,,,,,,,,,
,Cusseta - Chattahoochee Public Library,,,,,,,,"262 Broad Street Cusseta, GA 31903",,,,,,,,,,,,,,,,+1-706-989-3700,,,,,,,,,,,,,,Chattahoochee Valley Libraries,,,,,,,,,,,,,,,,
,Marion County Library,,,,,,,,"123 East 5th Avenue Buena Vista, GA 31803",,,,,,,,,,,,,,,,+1-229-649-6385,,,,,,,,,,,,,,Chattahoochee Valley Libraries,,,,,,,,,,,,,,,,
,Mildred L. Terry Branch Library,,,,,,,,"640 Veterans Parkway Columbus, GA 31901",,,,,,,,,,,,,,,,+1-706-748-2851,,,,,,,,,,,,,,Chattahoochee Valley Libraries,,,,,,,,,,,,,,,,
,North Columbus Branch Library,,,,,,,,"5689 Armour Road Columbus, GA 31909",,,,,,,,,,,,,,,,+1-706-748-2855,,,,,,,,,,,,,,Chattahoochee Valley Libraries,,,,,,,,,,,,,,,,
,Parks Memorial Public Library,,,,,,,,"112 Wall Street Richland, GA 31825",,,,,,,,,,,,,,,,+1-229-887-2103,,,,,,,,,,,,,,Chattahoochee Valley Libraries,,,,,,,,,,,,,,,,
,South Columbus Branch Library,,,,,,,,"2034 South Lumpkin Road Columbus, GA 31903",,,,,,,,,,,,,,,,+1-706-683-8805,,,,,,,,,,,,,,Chattahoochee Valley Libraries,,,,,,,,,,,,,,,,
,Chattooga County Library,,,,,,,,"360 Farrar Drive Summerville, GA 30747",,,,,,,,,,,,,,,,+1-706-857-2553,,,,,,,,,,,,,,Chattooga County Library System,,,,,,,,,,,,,,,,
,Trion Public Library,,,,,,,,"15 Bulldog Boulevard Trion, GA 30753",,,,,,,,,,,,,,,,+1-706-734-7594,,,,,,,,,,,,,,Chattooga County Library System,,,,,,,,,,,,,,,,
,Chickamauga Public Library,,,,,,,,"306 Cove Road Chickamauga, GA 30707",,,,,,,,,,,,,,,,+1-706-375-3004,,,,,,,,,,,,,,Cherokee Regional Library,,,,,,,,,,,,,,,,
,Dade County Library,,,,,,,,"102 Court Street Trenton, GA 30752",,,,,,,,,,,,,,,,+1-706-657-7857,,,,,,,,,,,,,,Cherokee Regional Library,,,,,,,,,,,,,,,,
,LaFayette-Walker County Public Library,,,,,,,,"305 S. Duke Street LaFayette, GA 30728",,,,,,,,,,,,,,,,+1-706-638-2992,,,,,,,,,,,,,,Cherokee Regional Library,,,,,,,,,,,,,,,,
,Rossville Public library,,,,,,,,"504 McFarland Avenue Rossville, GA 30741",,,,,,,,,,,,,,,,+1-706-866-1368,,,,,,,,,,,,,,Cherokee Regional Library,,,,,,,,,,,,,,,,
,Chestatee Regional Satellite Library,,,,,,,,"145 Liberty Drive Dawsonville, GA 30534",,,,,,,,,,,,,,,,+1-706-216-3800,,,,,,,,,,,,,,Chestatee Regional Library System,,,,,,,,,,,,,,,,
,Dawson County Library,,,,,,,,"342 Allen Street Dawsonville, GA 30534",,,,,,,,,,,,,,,,+1-706-344-3690,,,,,,,,,,,,,,Chestatee Regional Library System,,,,,,,,,,,,,,,,
,Lumpkin County Library,,,,,,,,"342 Courthouse Hill Dahlonega, GA 30533",,,,,,,,,,,,,,,,+1-706-864-3668,,,,,,,,,,,,,,Chestatee Regional Library System,,,,,,,,,,,,,,,,
,Clayton County Headquarters Library,,,,,,,,"865 Battle Creek Road Jonesboro, GA 30236",,,,,,,,,,,,,,,,+1-770-473-3850,,,,,,,,,,,,,,Clayton County Library System,,,,,,,,,,,,,,,,
,Jonesboro Library,,,,,,,,"124 Smith Street Jonesboro, GA 30236",,,,,,,,,,,,,,,,+1-770-478-7120,,,,,,,,,,,,,,Clayton County Library System,,,,,,,,,,,,,,,,
,Lovejoy Library,,,,,,,,"1721 McDonough Road Hampton, GA 30228",,,,,,,,,,,,,,,,+1-770-472-8129,,,,,,,,,,,,,,Clayton County Library System,,,,,,,,,,,,,,,,
,Morrow Library,,,,,,,,"6225 Maddox Road Morrow, GA 30260",,,,,,,,,,,,,,,,+1-770-347-0170,,,,,,,,,,,,,,Clayton County Library System,,,,,,,,,,,,,,,,
,Northeast Clayton/Forest Park Library,,,,,,,,"4812 West Street Forest Park, GA 30297",,,,,,,,,,,,,,,,+1-770-347-0160,,,,,,,,,,,,,,Clayton County Library System,,,,,,,,,,,,,,,,
,Riverdale Library,,,,,,,,"420 Valley Hill Road Riverdale, GA 30274",,,,,,,,,,,,,,,,+1-770-472-8100,,,,,,,,,,,,,,Clayton County Library System,,,,,,,,,,,,,,,,
,Carrie Dorsey Perry Memorial Library,,,,,,,,"315 West Marion Avenue Nashville, GA 31639",,,,,,,,,,,,,,,,+1-229-686-2782,,,,,,,,,,,,,,Coastal Plain Regional Library,,,,,,,,,,,,,,,,
,Coastal Plain Headquarters Library,,,,,,,,"2014 Chestnut Avenue Tifton, GA 31794",,,,,,,,,,,,,,,,+1-229-386-3400,,,,,,,,,,,,,,Coastal Plain Regional Library,,,,,,,,,,,,,,,,
,Cook County Library,,,,,,,,"213 East Second Street Adel, GA 31620",,,,,,,,,,,,,,,,+1-229-896-3652,,,,,,,,,,,,,,Coastal Plain Regional Library,,,,,,,,,,,,,,,,
,Fitzgerald-Ben Hill County Library,,,,,,,,"123 North Main Street Fitzgerald, GA 31750",,,,,,,,,,,,,,,,+1-229-426-5080,,,,,,,,,,,,,,Coastal Plain Regional Library,,,,,,,,,,,,,,,,
,Irwin County Library,,,,,,,,"310 South Beech Street Ocilla, GA 31774",,,,,,,,,,,,,,,,+1-229-468-2148,,,,,,,,,,,,,,Coastal Plain Regional Library,,,,,,,,,,,,,,,,
,Tifton-Tift County Public Library,,,,,,,,"245 Love Avenue Tifton, GA 31794",,,,,,,,,,,,,,,,+1-229-386-7148,,,,,,,,,,,,,,Coastal Plain Regional Library,,,,,,,,,,,,,,,,
,Victoria Evans Memorial Library,,,,,,,,"605 North Street Ashburn, GA 31714",,,,,,,,,,,,,,,,+1-229-567-4027,,,,,,,,,,,,,,Coastal Plain Regional Library,,,,,,,,,,,,,,,,
,Acworth Library,,,,,,,,"4569 Dallas Street Acworth, GA 30101",,,,,,,,,,,,,,,,+1-770-917-5165,,,,,,,,,,,,,,Cobb County Public Library System,,,,,,,,,,,,,,,,
,"Central Library, Cobb Co. PLS",,,,,,,,"266 Roswell Street Marietta, GA 30060",,,,,,,,,,,,,,,,+1-770-528-2320,,,,,,,,,,,,,,Cobb County Public Library System,,,,,,,,,,,,,,,,
,East Cobb Library,,,,,,,,"4880 Lower Roswell Road Marietta, GA 30068",,,,,,,,,,,,,,,,+1-770-509-2730,,,,,,,,,,,,,,Cobb County Public Library System,,,,,,,,,,,,,,,,
,East Marietta Library,,,,,,,,"2051 Lower Roswell Road Marietta, GA 30068",,,,,,,,,,,,,,,,+1-770-509-2711,,,,,,,,,,,,,,Cobb County Public Library System,,,,,,,,,,,,,,,,
,Gritters Library,,,,,,,,"880 Shaw Park Road Marietta, GA 30066",,,,,,,,,,,,,,,,+1-770-528-2524,,,,,,,,,,,,,,Cobb County Public Library System,,,,,,,,,,,,,,,,
,Hattie G. Wilson Library,,,,,,,,"350 Lemon Street Marietta, GA 30060",,,,,,,,,,,,,,,,+1-770-528-2526,,,,,,,,,,,,,,Cobb County Public Library System,,,,,,,,,,,,,,,,
,Kemp Memorial Library,,,,,,,,"4029 Due West Road NW Marietta, GA 30064",,,,,,,,,,,,,,,,+1-770-528-2527,,,,,,,,,,,,,,Cobb County Public Library System,,,,,,,,,,,,,,,,
,Kennesaw Library,,,,,,,,"2250 Lewis Street Kennesaw, GA 30144",,,,,,,,,,,,,,,,+1-770-528-2529,,,,,,,,,,,,,,Cobb County Public Library System,,,,,,,,,,,,,,,,
,Lewis A Ray Library,,,,,,,,"4500 Oakdale Road Smyrna, GA 30080",,,,,,,,,,,,,,,,+1-770-801-5335,,,,,,,,,,,,,,Cobb County Public Library System,,,,,,,,,,,,,,,,
,Mountain View Regional Library,,,,,,,,"3320 Sandy Plains Road Marietta, GA 30066",,,,,,,,,,,,,,,,+1-770-509-2725,,,,,,,,,,,,,,Cobb County Public Library System,,,,,,,,,,,,,,,,
,Powder Springs Library,,,,,,,,"4181 Atlanta Street Powder Springs, GA 30127",,,,,,,,,,,,,,,,+1-770-439-3600,,,,,,,,,,,,,,Cobb County Public Library System,,,,,,,,,,,,,,,,
,Sibley Library,,,,,,,,"1539 South Cobb Drive Marietta, GA 30060",,,,,,,,,,,,,,,,+1-770-528-2520,,,,,,,,,,,,,,Cobb County Public Library System,,,,,,,,,,,,,,,,
,South Cobb Library,,,,,,,,"805 Clay Road Mableton, GA 30126",,,,,,,,,,,,,,,,+1-678-398-5828,,,,,,,,,,,,,,Cobb County Public Library System,,,,,,,,,,,,,,,,
,Stratton Library,,,,,,,,"1100 Powder Springs Road Marietta, GA 30064",,,,,,,,,,,,,,,,+1-770-528-2522,,,,,,,,,,,,,,Cobb County Public Library System,,,,,,,,,,,,,,,,
,Sweetwater Valley Library,,,,,,,,"Threadmill Complex 5000 Austell-Powder Springs Road Austell, GA 30106",,,,,,,,,,,,,,,,+1-770-819-3290,,,,,,,,,,,,,,Cobb County Public Library System,,,,,,,,,,,,,,,,
,Vinings Library,,,,,,,,"4290 Paces Ferry Road Atlanta, GA 30339",,,,,,,,,,,,,,,,+1-770-801-5330,,,,,,,,,,,,,,Cobb County Public Library System,,,,,,,,,,,,,,,,
,West Cobb Regional Library,,,,,,,,"1750 Dennis Kemp Lane Kennesaw, GA 30152",,,,,,,,,,,,,,,,+1-770-528-4699,,,,,,,,,,,,,,Cobb County Public Library System,,,,,,,,,,,,,,,,
,Nancy Guinn Memorial Library,,,,,,,,"864 Green Street Conyers, GA 30012",,,,,,,,,,,,,,,,+1-770-388-5040,,,,,,,,,,,,,,Conyers-Rockdale Library System,,,,,,,,,,,,,,,,
,A. Mitchell Powell Jr. Branch,,,,,,,,"25 Hospital Road Newnan, GA 30263",,,,,,,,,,,,,,,,+1-770-253-3625,,,,,,,,,,,,,,Coweta County Public Library,,,,,,,,,,,,,,,,
,Central Library--Coweta,,,,,,,,"85 Literary Lane Newnan, GA 30265",,,,,,,,,,,,,,,,+1-770-683-2052,,,,,,,,,,,,,,Coweta County Public Library,,,,,,,,,,,,,,,,
,Grantville Branch,,,,,,,,"100 Park Drive Grantville, GA 30220",,,,,,,,,,,,,,,,+1-770-683-0535,,,,,,,,,,,,,,Coweta County Public Library,,,,,,,,,,,,,,,,
,Senoia Branch,,,,,,,,"148 Pylant Street Senoia, GA 30276",,,,,,,,,,,,,,,,+1-770-599-3537,,,,,,,,,,,,,,Coweta County Public Library,,,,,,,,,,,,,,,,
,Brookhaven Library,,,,,,,,"1242 North Druid Hills Road Atlanta, GA 30319",,,,,,,,,,,,,,,,+1-404-848-7140,,,,,,,,,,,,,,DeKalb County Public Library,,,,,,,,,,,,,,,,
,Chamblee Library,,,,,,,,"4115 Clairmont Road Chamblee, GA 30341",,,,,,,,,,,,,,,,+1-770-936-1380,,,,,,,,,,,,,,DeKalb County Public Library,,,,,,,,,,,,,,,,
,Clarkston Library,,,,,,,,"951 North Indian Creek Drive Clarkston, GA 30021",,,,,,,,,,,,,,,,+1-404-508-7175,,,,,,,,,,,,,,DeKalb County Public Library,,,,,,,,,,,,,,,,
,Covington Library,,,,,,,,"3500 Covington Highway Decatur, GA 30032",,,,,,,,,,,,,,,,+1-404-508-7180,,,,,,,,,,,,,,DeKalb County Public Library,,,,,,,,,,,,,,,,
,Decatur Library,,,,,,,,"215 Sycamore Street Decatur, GA 30030",,,,,,,,,,,,,,,,+1-404-370-3070,,,,,,,,,,,,,,DeKalb County Public Library,,,,,,,,,,,,,,,,
,Doraville Library,,,,,,,,"3748 Central Avenue Doraville, GA 30340",,,,,,,,,,,,,,,,+1-770-936-3852,,,,,,,,,,,,,,DeKalb County Public Library,,,,,,,,,,,,,,,,
,Dunwoody Library,,,,,,,,"5339 Chamblee-Dunwoody Road Dunwoody, GA 30338",,,,,,,,,,,,,,,,+1-770-512-4640,,,,,,,,,,,,,,DeKalb County Public Library,,,,,,,,,,,,,,,,
,Embry Hills Library,,,,,,,,"3733 Chamblee-Tucker Road Chamblee, GA 30341",,,,,,,,,,,,,,,,+1-770-270-8230,,,,,,,,,,,,,,DeKalb County Public Library,,,,,,,,,,,,,,,,
,Flat Shoals Library,,,,,,,,"4022 Flat Shoals Parkway Decatur, GA 30034",,,,,,,,,,,,,,,,+1-404-244-4370,,,,,,,,,,,,,,DeKalb County Public Library,,,,,,,,,,,,,,,,
,Gresham Library,,,,,,,,"2418 Gresham Road Atlanta, GA 30316",,,,,,,,,,,,,,,,+1-404-244-4374,,,,,,,,,,,,,,DeKalb County Public Library,,,,,,,,,,,,,,,,
,Hairston Crossing Library,,,,,,,,"4911 Redan Road Stone Mountain, GA 30088",,,,,,,,,,,,,,,,+1-404-508-7170,,,,,,,,,,,,,,DeKalb County Public Library,,,,,,,,,,,,,,,,
,Lithonia-Davidson Library,,,,,,,,"6821 Church Street Lithonia, GA 30058",,,,,,,,,,,,,,,,+1-770-482-3820,,,,,,,,,,,,,,DeKalb County Public Library,,,,,,,,,,,,,,,,
,Northlake-Barbara Loar Branch,,,,,,,,"3772 LaVista Road Tucker, GA 30084",,,,,,,,,,,,,,,,+1-404-679-4408,,,,,,,,,,,,,,DeKalb County Public Library,,,,,,,,,,,,,,,,
,Redan-Trotti Branch,,,,,,,,"1569 Wellborn Road Redan, GA 30074",,,,,,,,,,,,,,,,+1-770-482-3821,,,,,,,,,,,,,,DeKalb County Public Library,,,,,,,,,,,,,,,,
,Salem-Panola Library,,,,,,,,"5137 Salem Road Lithonia, GA 30038",,,,,,,,,,,,,,,,+1-770-987-6900,,,,,,,,,,,,,,DeKalb County Public Library,,,,,,,,,,,,,,,,
,Scott Candler Library,,,,,,,,"1917 Candler Road Decatur, GA 30032",,,,,,,,,,,,,,,,+1-404-286-6986,,,,,,,,,,,,,,DeKalb County Public Library,,,,,,,,,,,,,,,,
,Scottdale-Tobie Grant Library,,,,,,,,"644 Parkdale Drive Scottdale, GA 30079",,,,,,,,,,,,,,,,+1-404-508-7174,,,,,,,,,,,,,,DeKalb County Public Library,,,,,,,,,,,,,,,,
,Stone Mountain-Sue Kellogg Library,,,,,,,,"952 Leon Street Stone Mountain, GA 30083",,,,,,,,,,,,,,,,+1-770-413-2020,,,,,,,,,,,,,,DeKalb County Public Library,,,,,,,,,,,,,,,,
,Stonecrest Library,,,,,,,,"3123 Klondike Road Lithonia, GA 30038",,,,,,,,,,,,,,,,+1-770-482-3828,,,,,,,,,,,,,,DeKalb County Public Library,,,,,,,,,,,,,,,,
,Toco Hill-Avis G. Williams Library,,,,,,,,"1282 McConnell Drive Decatur, GA 30033",,,,,,,,,,,,,,,,+1-404-679-4404,,,,,,,,,,,,,,DeKalb County Public Library,,,,,,,,,,,,,,,,
,Tucker-Reid H. Cofer Library,,,,,,,,"5234 LaVista Road Tucker, GA 30084",,,,,,,,,,,,,,,,+1-770-270-8234,,,,,,,,,,,,,,DeKalb County Public Library,,,,,,,,,,,,,,,,
,Wesley Chapel-William C. Brown Library,,,,,,,,"2861 Wesley Chapel Road Decatur, GA 30034",,,,,,,,,,,,,,,,+1-404-286-6980,,,,,,,,,,,,,,DeKalb County Public Library,,,,,,,,,,,,,,,,
,Baker County Library,,,,,,,,"398 Ga Hwy 37 SW Newton, GA 39870",,,,,,,,,,,,,,,,+1-229-734-3025,,,,,,,,,,,,,,DeSoto Trail Regional Library,,,,,,,,,,,,,,,,
,DeSoto Trail Regional Library,,,,,,,,"145 East Broad Street Camilla, GA 31730",,,,,,,,,,,,,,,,+1-229-336-8372,,,,,,,,,,,,,,DeSoto Trail Regional Library,,,,,,,,,,,,,,,,
,Jakin Public Library,,,,,,,,"1091 S. Pearl Street Jakin, GA 39861",,,,,,,,,,,,,,,,+1-229-793-2825,,,,,,,,,,,,,,DeSoto Trail Regional Library,,,,,,,,,,,,,,,,
,Lucy Maddox Memorial Library,,,,,,,,"11880 Columbia Street Blakely, GA 39823",,,,,,,,,,,,,,,,+1-229-723-3079,,,,,,,,,,,,,,DeSoto Trail Regional Library,,,,,,,,,,,,,,,,
,Pelham Carnegie Library,,,,,,,,"133 Hand Avenue Pelham, GA 31779",,,,,,,,,,,,,,,,+1-229-294-6030,,,,,,,,,,,,,,DeSoto Trail Regional Library,,,,,,,,,,,,,,,,
,Sale City Public Library,,,,,,,,"154 Barnes Street Sale City, GA 31784",,,,,,,,,,,,,,,,,,,,,,,,,,,,,,DeSoto Trail Regional Library,,,,,,,,,,,,,,,,
,"Central Library, Dougherty Co. PLS",,,,,,,,"300 Pine Avenue Albany, GA 31701",,,,,,,,,,,,,,,,+1-229-420-3200,,,,,,,,,,,,,,Dougherty County Public Library,,,,,,,,,,,,,,,,
,Northwest Library,,,,,,,,"2507 Dawson Road Albany, GA 31707",,,,,,,,,,,,,,,,+1-229-420-3270,,,,,,,,,,,,,,Dougherty County Public Library,,,,,,,,,,,,,,,,
,Southside Branch Library,,,,,,,,"2114 Habersham Road Albany, GA 31701",,,,,,,,,,,,,,,,+1-229-420-3260,,,,,,,,,,,,,,Dougherty County Public Library,,,,,,,,,,,,,,,,
,Tallulah Massey Library,,,,,,,,"2004 Stratford Drive Albany, GA 31705",,,,,,,,,,,,,,,,+1-229-420-3250,,,,,,,,,,,,,,Dougherty County Public Library,,,,,,,,,,,,,,,,
,Westtown Library,,,,,,,,"2124 Waddell Ave. Albany, GA 31707",,,,,,,,,,,,,,,,1-229-420-3280,,,,,,,,,,,,,,Dougherty County Public Library,,,,,,,,,,,,,,,,
,Bowman Branch,,,,,,,,"21 Prince Avenue Bowman, GA 30624",,,,,,,,,,,,,,,,+1-706-245-0705,,,,,,,,,,,,,,Elbert County Public Library,,,,,,,,,,,,,,,,
,Elbert County Public Library,,,,,,,,"345 Heard Street Elberton, GA 30635",,,,,,,,,,,,,,,,+1-706-283-5375,,,,,,,,,,,,,,Elbert County Public Library,,,,,,,,,,,,,,,,
,Barnesville-Lamar County Library,,,,,,,,"401 Thomaston Street Barnesville, GA 30204",,,,,,,,,,,,,,,,+1-770-358-3270,,,,,,,,,,,,,,Flint River Regional Library,,,,,,,,,,,,,,,,
,Fayette County Public Library,,,,,,,,"1821 Heritage Park Way Fayetteville, GA 30214",,,,,,,,,,,,,,,,+1-770-461-8841,,,,,,,,,,,,,,Flint River Regional Library,,,,,,,,,,,,,,,,
,Griffin-Spalding County Library,,,,,,,,"800 Memorial Drive Griffin, GA 30223",,,,,,,,,,,,,,,,+1-770-412-4770,,,,,,,,,,,,,,Flint River Regional Library,,,,,,,,,,,,,,,,
,J. Joel Edwards Public Library,,,,,,,,"7077 Hwy 19 South Zebulon, GA 30295",,,,,,,,,,,,,,,,+1-770-567-2014,,,,,,,,,,,,,,Flint River Regional Library,,,,,,,,,,,,,,,,
,Jackson-Butts County Public Library,,,,,,,,"436 East College Street Jackson, GA 30233",,,,,,,,,,,,,,,,+1-770-775-7524,,,,,,,,,,,,,,Flint River Regional Library,,,,,,,,,,,,,,,,
,Monroe County Library,,,,,,,,"62 West Main Street Forsyth, GA 31029",,,,,,,,,,,,,,,,+1-478-994-7025,,,,,,,,,,,,,,Flint River Regional Library,,,,,,,,,,,,,,,,
,Peachtree City Library,,,,,,,,"201 Willowbend Road Peachtree City, GA 30269",,,,,,,,,,,,,,,,+1-770-631-2520,,,,,,,,,,,,,,Flint River Regional Library,,,,,,,,,,,,,,,,
,Tyrone Public Library,,,,,,,,"143 Commerce Drive Tyrone, GA 30290",,,,,,,,,,,,,,,,+1-770-487-1565,,,,,,,,,,,,,,Flint River Regional Library,,,,,,,,,,,,,,,,
,Cumming Branch & Headquarters,,,,,,,,"585 Dahlonega Road Cumming, GA 30040",,,,,,,,,,,,,,,,+1-770-781-9840,,,,,,,,,,,,,,Forsyth County Public Library,,,,,,,,,,,,,,,,
,Hampton Park Library,,,,,,,,"5345 Settingdown Road Cumming, GA 30041",,,,,,,,,,,,,,,,+1-770-781-9840,,,,,,,,,,,,,,Forsyth County Public Library,,,,,,,,,,,,,,,,
,Post Road Library,,,,,,,,"5010 Post Road Cumming, GA 30040",,,,,,,,,,,,,,,,+1-770-781-9840,,,,,,,,,,,,,,Forsyth County Public Library,,,,,,,,,,,,,,,,
,Sharon Forks Library,,,,,,,,"2820 Old Atlanta Road Cumming, GA 30041",,,,,,,,,,,,,,,,+1-770-781-9840,,,,,,,,,,,,,,Forsyth County Public Library,,,,,,,,,,,,,,,,
,Burke County Library,,,,,,,,"130 Highway 24 South Waynesboro, GA 30830",,,,,,,,,,,,,,,,+1-706-554-3277,,,,,,,,,,,,,,Greater Clarks Hill Regional Libraries,,,,,,,,,,,,,,,,
,Columbia County Library,,,,,,,,"7022 Evans Town Center Blvd Evans, GA 30809",,,,,,,,,,,,,,,,+1-706-863-1946,,,,,,,,,,,,,,Greater Clarks Hill Regional Libraries,,,,,,,,,,,,,,,,
,Euchee Creek Library,,,,,,,,"5907 Euchee Creek Drive Grovetown, GA 30813",,,,,,,,,,,,,,,,+1-706-556-0594,,,,,,,,,,,,,,Greater Clarks Hill Regional Libraries,,,,,,,,,,,,,,,,
,Harlem Library,,,,,,,,"145 N. Louisville St. Harlem, GA 30814",,,,,,,,,,,,,,,,+1-706-556-9795,,,,,,,,,,,,,,Greater Clarks Hill Regional Libraries,,,,,,,,,,,,,,,,
,Lincoln County Library,,,,,,,,"181 N. Peachtree Street Lincolnton, GA 30817",,,,,,,,,,,,,,,,+1-706-359-4014,,,,,,,,,,,,,,Greater Clarks Hill Regional Libraries,,,,,,,,,,,,,,,,
,Midville Library,,,,,,,,"149 Trout Street Midville, GA 30441",,,,,,,,,,,,,,,,+1-478-589-7825,,,,,,,,,,,,,,Greater Clarks Hill Regional Libraries,,,,,,,,,,,,,,,,
,Sardis County Library,,,,,,,,"905 C.H Perry Avenue Sardis, GA 30456",,,,,,,,,,,,,,,,+1-478-569-4866,,,,,,,,,,,,,,Greater Clarks Hill Regional Libraries,,,,,,,,,,,,,,,,
,Warren County Library,,,,,,,,"10 Warren Street Warrenton, GA 30828",,,,,,,,,,,,,,,,+1-706-465-2656,,,,,,,,,,,,,,Greater Clarks Hill Regional Libraries,,,,,,,,,,,,,,,,
,Buford-Sugar Hill Branch,,,,,,,,"2100 Buford Highway Buford, GA 30518",,,,,,,,,,,,,,,,+1-770-978-5154,,,,,,,,,,,,,,Gwinnett County Public Library,,,,,,,,,,,,,,,,
,Centerville Branch,,,,,,,,"3025 Bethany Church Road Snellville, GA 30039",,,,,,,,,,,,,,,,+1-770-978-5154,,,,,,,,,,,,,,Gwinnett County Public Library,,,,,,,,,,,,,,,,
,Collins Hill Branch,,,,,,,,"455 Camp Perrin Road Lawrenceville, GA 30043",,,,,,,,,,,,,,,,+1-770-978-5154,,,,,,,,,,,,,,Gwinnett County Public Library,,,,,,,,,,,,,,,,
,Dacula Branch,,,,,,,,"265 Dacula Rd Dacula, GA 30019",,,,,,,,,,,,,,,,+1-770-978-5154,,,,,,,,,,,,,,Gwinnett County Public Library,,,,,,,,,,,,,,,,
,Duluth Branch,,,,,,,,"3480 Duluth Park Lane Duluth, GA 30096",,,,,,,,,,,,,,,,+1-770-978-5154,,,,,,,,,,,,,,Gwinnett County Public Library,,,,,,,,,,,,,,,,
,Elizabeth H. Williams Branch (Snellville),,,,,,,,"2740 Lenora Church Road Snellville, GA 30078",,,,,,,,,,,,,,,,+1-770-978-5154,,,,,,,,,,,,,,Gwinnett County Public Library,,,,,,,,,,,,,,,,
,Five Forks,,,,,,,,"2780 Five Forks Trickum Road Lawrenceville, GA 30044",,,,,,,,,,,,,,,,+1-770-978-5154,,,,,,,,,,,,,,Gwinnett County Public Library,,,,,,,,,,,,,,,,
,Grayson Branch,,,,,,,,"700 Grayson Pkwy Grayson, GA 30017",,,,,,,,,,,,,,,,+1-770-978-5154,,,,,,,,,,,,,,Gwinnett County Public Library,,,,,,,,,,,,,,,,
,Hamilton Mill Branch,,,,,,,,"3690 Braselton Highway Dacula, GA 30019",,,,,,,,,,,,,,,,+1-770-978-5154,,,,,,,,,,,,,,Gwinnett County Public Library,,,,,,,,,,,,,,,,
,Library Headquarters and Lawrenceville Branch,,,,,,,,"1001 Lawrenceville Highway Lawrenceville, GA 30045",,,,,,,,,,,,,,,,+1-770-978-5154,,,,,,,,,,,,,,Gwinnett County Public Library,,,,,,,,,,,,,,,,
,Lilburn Branch,,,,,,,,"4817 Church Street Lilburn, GA 30047",,,,,,,,,,,,,,,,+1-770-978-5154,,,,,,,,,,,,,,Gwinnett County Public Library,,,,,,,,,,,,,,,,
,Mountain Park Branch,,,,,,,,"1210 Pounds Road SW Lilburn, GA 30047",,,,,,,,,,,,,,,,+1-770-978-5154,,,,,,,,,,,,,,Gwinnett County Public Library,,,,,,,,,,,,,,,,
,Norcross Branch,,,,,,,,"6025 Buford Highway Norcross, GA 30071",,,,,,,,,,,,,,,,+1-770-978-5154,,,,,,,,,,,,,,Gwinnett County Public Library,,,,,,,,,,,,,,,,
,Peachtree Corners Branch,,,,,,,,"5570 Spalding Drive Norcross, GA 30092",,,,,,,,,,,,,,,,+1-770-978-5154,,,,,,,,,,,,,,Gwinnett County Public Library,,,,,,,,,,,,,,,,
,Suwanee Branch Library,,,,,,,,"361 Main Street Suwanee, GA 30024",,,,,,,,,,,,,,,,+1-770-978-5154,,,,,,,,,,,,,,Gwinnett County Public Library,,,,,,,,,,,,,,,,
,North Hall Technology Center Branch,,,,,,,,"4175 Nopone Rd. Suite B Gainesville, GA 30506",,,,,,,,,,,,,,,,+1-770-532-3311 x181,,,,,,,,,,,,,,Hall County Library System,,,,,,,,,,,,,,,,
,Blackshear Place Branch,,,,,,,,"2927 Atlanta Highway Gainesville, GA 30507",,,,,,,,,,,,,,,,+1-770-532-3311,,,,,,,,,,,,,,Hall County Library System,,,,,,,,,,,,,,,,
,Gainesville Library,,,,,,,,"127 Main Street NW Gainesville, GA 30501",,,,,,,,,,,,,,,,+1-770-532-3311,,,,,,,,,,,,,,Hall County Library System,,,,,,,,,,,,,,,,
,Murrayville Branch,,,,,,,,"4796 Thompson Bridge Road Gainesville, GA 30507",,,,,,,,,,,,,,,,+1-770-532-3311,,,,,,,,,,,,,,Hall County Library System,,,,,,,,,,,,,,,,
,Spout Springs Branch,,,,,,,,"6488 Spout Springs Road Flowery Branch, GA 30542",,,,,,,,,,,,,,,,+1-770-532-3311,,,,,,,,,,,,,,Hall County Library System,,,,,,,,,,,,,,,,
,Hart County Library,,,,,,,,"150 Benson Street Hartwell, GA 30643",,,,,,,,,,,,,,,,+1-706-376-4655,,,,,,,,,,,,,,Hart County Library System,,,,,,,,,,,,,,,,
,Cochran Public Library,,,,,,,,"174 Burke Street Stockbridge, GA 30281",,,,,,,,,,,,,,,,+1-678-432-5353 ext. 7,,,,,,,,,,,,,,Henry County Library System,,,,,,,,,,,,,,,,
,Fairview Public Library,,,,,,,,"28 Austin Road Stockbridge, GA 30281",,,,,,,,,,,,,,,,+1-678-432-5353 ext. 3,,,,,,,,,,,,,,Henry County Library System,,,,,,,,,,,,,,,,
,Fortson Public Library,,,,,,,,"61 McDonough St Hampton, GA 30228",,,,,,,,,,,,,,,,"+1-770-288-7233 OR 678-432-5353, ext. 5",,,,,,,,,,,,,,Henry County Library System,,,,,,,,,,,,,,,,
,Locust Grove Public Library,,,,,,,,"115 Martin Luther King, Jr., Blvd. Locust Grove, GA 30248",,,,,,,,,,,,,,,,+1-678-432-5353 ext. 4,,,,,,,,,,,,,,Henry County Library System,,,,,,,,,,,,,,,,
,McDonough Public Library,,,,,,,,"1001 Florence McGarity Boulevard McDonough, GA 30252",,,,,,,,,,,,,,,,+1-678-432-5353 ext. 6,,,,,,,,,,,,,,Henry County Library System,,,,,,,,,,,,,,,,
,Centerville Branch Library,,,,,,,,"206 Gunn Road Centerville, GA 31028",,,,,,,,,,,,,,,,+1-478-953-4500,,,,,,,,,,,,,,Houston County Public Libraries,,,,,,,,,,,,,,,,
,Nola Brantley Memorial Library,,,,,,,,"721 Watson Blvd Warner Robins, GA 31093",,,,,,,,,,,,,,,,+1-478-923-0128,,,,,,,,,,,,,,Houston County Public Libraries,,,,,,,,,,,,,,,,
,Perry Public Library,,,,,,,,"1201 Washington Street Perry, GA 31069",,,,,,,,,,,,,,,,+1-478-987-3050,,,,,,,,,,,,,,Houston County Public Libraries,,,,,,,,,,,,,,,,
,Louisville Public Library,,,,,,,,"306 East Broad Street Louisville, GA 30434",,,,,,,,,,,,,,,,+1-478-625-7079,,,,,,,,,,,,,,Jefferson County Library,,,,,,,,,,,,,,,,
,McCollum Public Library,,,,,,,,"405 North Main Street Wrens, GA 30833",,,,,,,,,,,,,,,,+1-706-547-7567,,,,,,,,,,,,,,Jefferson County Library,,,,,,,,,,,,,,,,
,Wadley Public Library,,,,,,,,"11 West College Street Wadley, GA 30477",,,,,,,,,,,,,,,,+1-478-252-5392,,,,,,,,,,,,,,Jefferson County Library,,,,,,,,,,,,,,,,
,Calhoun County Library,,,,,,,,"227 East Hartford Street Edison, GA 39846",,,,,,,,,,,,,,,,+1-229-835-2012,,,,,,,,,,,,,,Kinchafoonee Regional Library,,,,,,,,,,,,,,,,
,Clay County Library,,,,,,,,"208 South Hancock Street Fort Gaines, GA 39851",,,,,,,,,,,,,,,,+1-229-768-2248,,,,,,,,,,,,,,Kinchafoonee Regional Library,,,,,,,,,,,,,,,,
,Quitman County Library,,,,,,,,"39 Old School Road Georgetown, GA 39854",,,,,,,,,,,,,,,,+1-229-334-8972,,,,,,,,,,,,,,Kinchafoonee Regional Library,,,,,,,,,,,,,,,,
,Randolph County Library,,,,,,,,"200 East Pearl Street Cuthbert, GA 39840",,,,,,,,,,,,,,,,+1-229-732-2566,,,,,,,,,,,,,,Kinchafoonee Regional Library,,,,,,,,,,,,,,,,
,Terrell County Public Library,,,,,,,,"913 Forrester Drive SE Dawson, GA 39842",,,,,,,,,,,,,,,,+1-229-995-2902,,,,,,,,,,,,,,Kinchafoonee Regional Library,,,,,,,,,,,,,,,,
,Webster County Library,,,,,,,,"572 Washington Street Preston, GA 31824",,,,,,,,,,,,,,,,+1-229-828-5740,,,,,,,,,,,,,,Kinchafoonee Regional Library,,,,,,,,,,,,,,,,
,Byromville Public Library,,,,,,,,"452 Main Street Byromville, GA 31007",,,,,,,,,,,,,,,,+1-478-433-5100,,,,,,,,,,,,,,Lake Blackshear Regional Library,,,,,,,,,,,,,,,,
,Cordele-Crisp Carnegie Library,,,,,,,,"115 East 11th Avenue Cordele, GA 31015",,,,,,,,,,,,,,,,+1-229-276-1300,,,,,,,,,,,,,,Lake Blackshear Regional Library,,,,,,,,,,,,,,,,
,Dooly County Library,,,,,,,,"1200 East Union Street Vienna, GA 31092",,,,,,,,,,,,,,,,+1-229-268-4687,,,,,,,,,,,,,,Lake Blackshear Regional Library,,,,,,,,,,,,,,,,
,Elizabeth Harris Library,,,,,,,,"312 Harmon Street Unadilla, GA 31091",,,,,,,,,,,,,,,,+1-478-627-9303,,,,,,,,,,,,,,Lake Blackshear Regional Library,,,,,,,,,,,,,,,,
,Lake Blackshear Headquarters Library,,,,,,,,"307 East Lamar Street Americus, GA 31709",,,,,,,,,,,,,,,,+1-229-924-8091,,,,,,,,,,,,,,Lake Blackshear Regional Library,,,,,,,,,,,,,,,,
,Schley County Library,,,,,,,,"234 South Broad Street Ellaville, GA 31806",,,,,,,,,,,,,,,,+1-229-937-2004,,,,,,,,,,,,,,Lake Blackshear Regional Library,,,,,,,,,,,,,,,,
,Leesburg Library,,,,,,,,"245 Walnut Avenue, South Leesburg, GA 31763",,,,,,,,,,,,,,,,+1-229-759-2369,,,,,,,,,,,,,,Lee County Public Library,,,,,,,,,,,,,,,,
,Oakland Library,,,,,,,,"445 Oakland Parkway W. Leesburg, GA 31763",,,,,,,,,,,,,,,,+1-229-889-0300,,,,,,,,,,,,,,Lee County Public Library,,,,,,,,,,,,,,,,
,Redbone Library,,,,,,,,"104 Thundering Springs Road Leesburg, GA 31763",,,,,,,,,,,,,,,,+1-229-903-8871,,,,,,,,,,,,,,Lee County Public Library,,,,,,,,,,,,,,,,
,Smithville Library,,,,,,,,"116 Main Street Smithville, GA 31787",,,,,,,,,,,,,,,,+1-229-846-6625,,,,,,,,,,,,,,Lee County Public Library,,,,,,,,,,,,,,,,
,Bull Street Library,,,,,,,,"2002 Bull Street Savannah, GA 31401",,,,,,,,,,,,,,,,+1-912-652-3600,,,,,,,,,,,,,,Live Oak Public Libraries,,,,,,,,,,,,,,,,
,Carnegie Library,,,,,,,,"537 East Henry Street Savannah, GA 31401",,,,,,,,,,,,,,,,+1-912-231-9921,,,,,,,,,,,,,,Live Oak Public Libraries,,,,,,,,,,,,,,,,
,Forest City Library,,,,,,,,"1501 Stiles Avenue Savannah, GA 31415",,,,,,,,,,,,,,,,+1-912-238-0614,,,,,,,,,,,,,,Live Oak Public Libraries,,,,,,,,,,,,,,,,
,Garden City Library,,,,,,,,"104 Sunshine Avenue Garden City, GA 31405",,,,,,,,,,,,,,,,+1-912-629-5070,,,,,,,,,,,,,,Live Oak Public Libraries,,,,,,,,,,,,,,,,
,Hinesville Library,,,,,,,,"236 Memorial Drive Hinesville, GA 31313",,,,,,,,,,,,,,,,+1-912-368-4003,,,,,,,,,,,,,,Live Oak Public Libraries,,,,,,,,,,,,,,,,
,Islands Library,,,,,,,,"50 Johnny Mercer Blvd Savannah, GA 31410",,,,,,,,,,,,,,,,+1-912-897-6233,,,,,,,,,,,,,,Live Oak Public Libraries,,,,,,,,,,,,,,,,
,Midway-Riceboro Library,,,,,,,,"9397 E. Oglethorpe Highway Midway, GA 31320",,,,,,,,,,,,,,,,+1-912-884-5742,,,,,,,,,,,,,,Live Oak Public Libraries,,,,,,,,,,,,,,,,
,Oglethorpe Mall Library,,,,,,,,"7 Mall Annex Savannah, GA 31406",,,,,,,,,,,,,,,,+1-912-925-5432,,,,,,,,,,,,,,Live Oak Public Libraries,,,,,,,,,,,,,,,,
,Pooler Library,,,,,,,,"216 South Rogers Street Pooler, GA 31322",,,,,,,,,,,,,,,,+1-912-748-0471,,,,,,,,,,,,,,Live Oak Public Libraries,,,,,,,,,,,,,,,,
,Port City Library,,,,,,,,"3501 Houlihan Avenue Savannah, GA 31408",,,,,,,,,,,,,,,,+1-912-965-0102,,,,,,,,,,,,,,Live Oak Public Libraries,,,,,,,,,,,,,,,,
,Rincon Library,,,,,,,,"17th Street & Highway 21 Rincon, GA 31326",,,,,,,,,,,,,,,,+1-912-826-2222,,,,,,,,,,,,,,Live Oak Public Libraries,,,,,,,,,,,,,,,,
,Southwest Chatham Library,,,,,,,,"14097 Abercorn Street Savannah, GA 31419",,,,,,,,,,,,,,,,+1-912-925-8305,,,,,,,,,,,,,,Live Oak Public Libraries,,,,,,,,,,,,,,,,
,Springfield Library,,,,,,,,"810 Highway 119 South Springfield, GA 31329",,,,,,,,,,,,,,,,+1-912-754-3003,,,,,,,,,,,,,,Live Oak Public Libraries,,,,,,,,,,,,,,,,
,Tybee Library,,,,,,,,"405 Butler Avenue Tybee Island, GA 31328",,,,,,,,,,,,,,,,+1-912-786-7733,,,,,,,,,,,,,,Live Oak Public Libraries,,,,,,,,,,,,,,,,
,W W Law Library,,,,,,,,"909 East Bolton Street Savannah, GA 31401",,,,,,,,,,,,,,,,+1-912-644-5903,,,,,,,,,,,,,,Live Oak Public Libraries,,,,,,,,,,,,,,,,
,West Broad Library,,,,,,,,"1110 May Street Savannah, GA 31415",,,,,,,,,,,,,,,,+1-912-201-9246,,,,,,,,,,,,,,Live Oak Public Libraries,,,,,,,,,,,,,,,,
,Brunswick-Glynn County Library,,,,,,,,"208 Gloucester St Brunswick, GA 31520",,,,,,,,,,,,,,,,+1-912-279-3740,,,,,,,,,,,,,,Marshes of Glynn Libraries,,,,,,,,,,,,,,,,
,St. Simons Island Public Library,,,,,,,,"530A Beachview Dr St. Simons Island, GA 31522",,,,,,,,,,,,,,,,+1-912-279-3750,,,,,,,,,,,,,,Marshes of Glynn Libraries,,,,,,,,,,,,,,,,
,Charles A Lanford Library,,,,,,,,"6504 Houston Road Macon, GA 31216",,,,,,,,,,,,,,,,+1-478-621-6979,,,,,,,,,,,,,,Middle Georgia Regional Library,,,,,,,,,,,,,,,,
,Crawford County Public Library,,,,,,,,"340 McCrary Street Roberta, GA 31078",,,,,,,,,,,,,,,,+1-478-836-4478,,,,,,,,,,,,,,Middle Georgia Regional Library,,,,,,,,,,,,,,,,
,East Wilkinson County Public Library,,,,,,,,"154 East Main Street Irwinton, GA 31042",,,,,,,,,,,,,,,,+1-478-946-2778,,,,,,,,,,,,,,Middle Georgia Regional Library,,,,,,,,,,,,,,,,
,Gordon Public Library,,,,,,,,"284 Milledgeville Highway, West Gordon, GA 31031",,,,,,,,,,,,,,,,+1-478-628-5352,,,,,,,,,,,,,,Middle Georgia Regional Library,,,,,,,,,,,,,,,,
,Ideal Public Library,,,,,,,,"605 Tom Watson Avenue Ideal, GA 31041",,,,,,,,,,,,,,,,+1-478-949-2720,,,,,,,,,,,,,,Middle Georgia Regional Library,,,,,,,,,,,,,,,,
,Jones County Public Library,,,,,,,,"146 Railroad Avenue Gray, GA 31032",,,,,,,,,,,,,,,,+1-478-986-6626,,,,,,,,,,,,,,Middle Georgia Regional Library,,,,,,,,,,,,,,,,
,Marshallville Public Library,,,,,,,,"Main Street Marshallville, GA 31057",,,,,,,,,,,,,,,,+1-478-967-2413,,,,,,,,,,,,,,Middle Georgia Regional Library,,,,,,,,,,,,,,,,
,Montezuma Public Library,,,,,,,,"506 North Dooly Street Montezuma, GA 31063",,,,,,,,,,,,,,,,+1-478-472-6095,,,,,,,,,,,,,,Middle Georgia Regional Library,,,,,,,,,,,,,,,,
,Oglethorpe Public Library,,,,,,,,"115 Chatham Street Oglethorpe, GA 31068",,,,,,,,,,,,,,,,+1-478-472-7116,,,,,,,,,,,,,,Middle Georgia Regional Library,,,,,,,,,,,,,,,,
,Riverside Branch,,,,,,,,"110 Holiday Drive North Macon, GA 31210",,,,,,,,,,,,,,,,+1-478-757-8900,,,,,,,,,,,,,,Middle Georgia Regional Library,,,,,,,,,,,,,,,,
,Shurling Branch,,,,,,,,"1769 Shurling Drive Macon, GA 31211",,,,,,,,,,,,,,,,+1-478-744-0875,,,,,,,,,,,,,,Middle Georgia Regional Library,,,,,,,,,,,,,,,,
,Twiggs County Public Library,,,,,,,,"109 Main Street Jeffersonville, GA 31044",,,,,,,,,,,,,,,,+1-478-945-3814,,,,,,,,,,,,,,Middle Georgia Regional Library,,,,,,,,,,,,,,,,
,Washington Memorial Library,,,,,,,,"1180 Washington Avenue Macon, GA 31201",,,,,,,,,,,,,,,,+1-478-744-0800,,,,,,,,,,,,,,Middle Georgia Regional Library,,,,,,,,,,,,,,,,
,Doerun Municipal Library,,,,,,,,"185 N. Freeman Street Doerun, GA 31744",,,,,,,,,,,,,,,,+1-229-782-5507,,,,,,,,,,,,,,Moultrie-Colquitt County Library,,,,,,,,,,,,,,,,
,Moultrie-Colquitt County Library,,,,,,,,"204 5th Street Southeast Moultrie, GA 31768",,,,,,,,,,,,,,,,+1-229-985-6540,,,,,,,,,,,,,,Moultrie-Colquitt County Library,,,,,,,,,,,,,,,,
,Fannin County Public Library,,,,,,,,"400 West Main Street, Suite 104 Blue Ridge, GA 30513",,,,,,,,,,,,,,,,+1-706-632-5263,,,,,,,,,,,,,,Mountain Regional Library System,,,,,,,,,,,,,,,,
,Mountain Regional Library,,,,,,,,"698 Miller Street Young Harris, GA 30582",,,,,,,,,,,,,,,,+1-706-379-3732,,,,,,,,,,,,,,Mountain Regional Library System,,,,,,,,,,,,,,,,
,Towns County Public Library,,,,,,,,"99 South Berrong Street Hiawassee, GA 30546",,,,,,,,,,,,,,,,+1-706-896-6169,,,,,,,,,,,,,,Mountain Regional Library System,,,,,,,,,,,,,,,,
,Union County Public Library,,,,,,,,"303 Hunt Martin Street Blairsville, GA 30512",,,,,,,,,,,,,,,,+1-706-745-7491,,,,,,,,,,,,,,Mountain Regional Library System,,,,,,,,,,,,,,,,
,Covington Branch Library,,,,,,,,"7116 Floyd Street NE Covington, GA 30014",,,,,,,,,,,,,,,,+1-770-787-3231,,,,,,,,,,,,,,Newton County Library System,,,,,,,,,,,,,,,,
,Newton County Newborn Branch,,,,,,,,"4224 Highway 142 Newborn, GA 30056",,,,,,,,,,,,,,,,+1-770-787-1126,,,,,,,,,,,,,,Newton County Library System,,,,,,,,,,,,,,,,
,Porter Memorial Branch Library,,,,,,,,"6191 Highway 212 Covington, GA 30016",,,,,,,,,,,,,,,,+1-678-729-1388,,,,,,,,,,,,,,Newton County Library System,,,,,,,,,,,,,,,,
,Clarkesville-Habersham County Library,,,,,,,,"178 East Green Street Clarkesville, GA 30523",,,,,,,,,,,,,,,,+1-706-754-4413,,,,,,,,,,,,,,Northeast Georgia Regional Library,,,,,,,,,,,,,,,,
,Cornelia-Habersham Co. Lib.,,,,,,,,"301 North Main Cornelia, GA 30531",,,,,,,,,,,,,,,,+1-706-778-2635,,,,,,,,,,,,,,Northeast Georgia Regional Library,,,,,,,,,,,,,,,,
,Rabun Co. Public Library,,,,,,,,"73 Jo Dotson Circle Clayton, GA 30525",,,,,,,,,,,,,,,,+1-706-782-3731,,,,,,,,,,,,,,Northeast Georgia Regional Library,,,,,,,,,,,,,,,,
,Toccoa-Stephens Co. Lib.,,,,,,,,"53 W. Savannah St Toccoa, GA 30577",,,,,,,,,,,,,,,,+1-706-886-6082,,,,,,,,,,,,,,Northeast Georgia Regional Library,,,,,,,,,,,,,,,,
,White Co. Lib.-Cleveland Branch,,,,,,,,"10 Colonial Dr Cleveland, GA 30528",,,,,,,,,,,,,,,,+1-706-865-5572,,,,,,,,,,,,,,Northeast Georgia Regional Library,,,,,,,,,,,,,,,,
,White Co. Lib.-Helen Branch,,,,,,,,"90 Pete's Park Rd Helen, GA 30545",,,,,,,,,,,,,,,,+1-706-878-2438,,,,,,,,,,,,,,Northeast Georgia Regional Library,,,,,,,,,,,,,,,,
,Calhoun-Gordon County Library,,,,,,,,"100 N. Park Avenue Calhoun, GA 30701",,,,,,,,,,,,,,,,+1-706-624-1456,,,,,,,,,,,,,,Northwest Georgia Regional Library,,,,,,,,,,,,,,,,
,Chatsworth-Murray County Library,,,,,,,,"100 N 3rd Avenue (temporary) Chatsworth, GA 30705",,,,,,,,,,,,,,,,+1-706-695-4200,,,,,,,,,,,,,,Northwest Georgia Regional Library,,,,,,,,,,,,,,,,
,Dalton-Whitfield County Public Library,,,,,,,,"310 Cappes Street Dalton, GA 30720",,,,,,,,,,,,,,,,+1-706-876-1360,,,,,,,,,,,,,,Northwest Georgia Regional Library,,,,,,,,,,,,,,,,
,M. E. Roden Memorial Library,,,,,,,,"400 Commerce St. Hawkinsville, GA 31036",,,,,,,,,,,,,,,,+1-478-892-3155,,,,,,,,,,,,,,Ocmulgee Regional Library System,,,,,,,,,,,,,,,,
,Murrell Memorial Library (Dodge County Library),,,,,,,,"531 Second Avenue Eastman, GA 31023",,,,,,,,,,,,,,,,+1-478-374-4711,,,,,,,,,,,,,,Ocmulgee Regional Library System,,,,,,,,,,,,,,,,
,Telfair County Library,,,,,,,,"101 West College St McRae, GA 31055",,,,,,,,,,,,,,,,+1-229-868-2978,,,,,,,,,,,,,,Ocmulgee Regional Library System,,,,,,,,,,,,,,,,
,Tessie W. Norris/Cochran-Bleckley County Library,,,,,,,,"315 Third Street Cochran, GA 31014",,,,,,,,,,,,,,,,+1-478-934-2904,,,,,,,,,,,,,,Ocmulgee Regional Library System,,,,,,,,,,,,,,,,
,Wheeler County Library,,,,,,,,"61 West Main St. Alamo, GA 30411",,,,,,,,,,,,,,,,+1-912-568-7321,,,,,,,,,,,,,,Ocmulgee Regional Library System,,,,,,,,,,,,,,,,
,Wilcox County Library,,,,,,,,"104 North Broad Abbeville, GA 31004",,,,,,,,,,,,,,,,+1-229-467-2075,,,,,,,,,,,,,,Ocmulgee Regional Library System,,,,,,,,,,,,,,,,
,Glascock County Library,,,,,,,,"738 Railroad Avenue Gibson, GA 30810",,,,,,,,,,,,,,,,+1-706-598-9837,,,,,,,,,,,,,,Oconee Regional Library,,,,,,,,,,,,,,,,
,Harlie Fulford Memorial Library,,,,,,,,"301 West Elm Street Wrightsville, GA 31096",,,,,,,,,,,,,,,,+1-478-864-3940,,,,,,,,,,,,,,Oconee Regional Library,,,,,,,,,,,,,,,,
,Laurens County Library,,,,,,,,"801 Bellevue Avenue Dublin, GA 31021",,,,,,,,,,,,,,,,+1-478-272-5710,,,,,,,,,,,,,,Oconee Regional Library,,,,,,,,,,,,,,,,
,Rosa M. Tarbutton Memorial Library,,,,,,,,"314 South Harris Street Sandersville, GA 31082",,,,,,,,,,,,,,,,+1-478-552-7466,,,,,,,,,,,,,,Oconee Regional Library,,,,,,,,,,,,,,,,
,Treutlen County Library,,,,,,,,"Second Street Soperton, GA 30457",,,,,,,,,,,,,,,,+1-912-529-6683,,,,,,,,,,,,,,Oconee Regional Library,,,,,,,,,,,,,,,,
,Glennville Public Library,,,,,,,,"408 East Barnard Street Glennville, GA 30427",,,,,,,,,,,,,,,,+1-912-654-3812,,,,,,,,,,,,,,Ohoopee Regional Library,,,,,,,,,,,,,,,,
,Jeff Davis Public Library,,,,,,,,"189 E. Jarman Street Hazlehurst, GA 31539",,,,,,,,,,,,,,,,+1-912-375-2386,,,,,,,,,,,,,,Ohoopee Regional Library,,,,,,,,,,,,,,,,
,Ladson Genealogy Library,,,,,,,,"125 Church Street Suite 104 Vidalia, GA 30474",,,,,,,,,,,,,,,,+1-912-537-8186,,,,,,,,,,,,,,Ohoopee Regional Library,,,,,,,,,,,,,,,,
,Montgomery County Library,,,,,,,,"215 Railroad Avenue Mount Vernon, GA 30445",,,,,,,,,,,,,,,,+1-912-583-2780,,,,,,,,,,,,,,Ohoopee Regional Library,,,,,,,,,,,,,,,,
,Nelle Brown Memorial Library,,,,,,,,"166 West Liberty Street Lyons, GA 30436",,,,,,,,,,,,,,,,+1-912-526-6511,,,,,,,,,,,,,,Ohoopee Regional Library,,,,,,,,,,,,,,,,
,Tattnall County Library,,,,,,,,"129 Tattnall Street Reidsville, GA 30453",,,,,,,,,,,,,,,,+1-912-557-6247,,,,,,,,,,,,,,Ohoopee Regional Library,,,,,,,,,,,,,,,,
,Vidalia-Toombs County Library,,,,,,,,"610 Jackson Street Vidalia, GA 30474",,,,,,,,,,,,,,,,+1-912-537-9283,,,,,,,,,,,,,,Ohoopee Regional Library,,,,,,,,,,,,,,,,
,Alma-Bacon County Public Library,,,,,,,,"201 North Pierce Street Alma, GA 31510",,,,,,,,,,,,,,,,+1-912-632-4710,,,,,,,,,,,,,,Okefenokee Regional Library System,,,,,,,,,,,,,,,,
,Appling County Public Library,,,,,,,,"242 E. Parker St. Baxley, GA 31513",,,,,,,,,,,,,,,,+1-912-367-8103,,,,,,,,,,,,,,Okefenokee Regional Library System,,,,,,,,,,,,,,,,
,Clinch County Public Library,,,,,,,,"478 West Dame Street Homerville, GA 31634",,,,,,,,,,,,,,,,+1-912-487-3200,,,,,,,,,,,,,,Okefenokee Regional Library System,,,,,,,,,,,,,,,,
,Pierce County Public Library,,,,,,,,"785 College Ave Blackshear, GA 31516",,,,,,,,,,,,,,,,+1-912-449-7040,,,,,,,,,,,,,,Okefenokee Regional Library System,,,,,,,,,,,,,,,,
,Waycross-Ware County Public Library,,,,,,,,"401 Lee Avenue Waycross, GA 31501",,,,,,,,,,,,,,,,+1-912-287-4978,,,,,,,,,,,,,,Okefenokee Regional Library System,,,,,,,,,,,,,,,,
,Byron Public Library,,,,,,,,"105 Church Street Byron, GA 31008",,,,,,,,,,,,,,,,+1-478-956-2200,,,,,,,,,,,,,,Peach Public Libraries,,,,,,,,,,,,,,,,
,Thomas Public Library,,,,,,,,"315 Martin Luther King Jr. Drive Fort Valley, GA 31030",,,,,,,,,,,,,,,,+1-478-825-1640,,,,,,,,,,,,,,Peach Public Libraries,,,,,,,,,,,,,,,,
,Auburn Public Library,,,,,,,,"24 Fifth Street Auburn, GA 30011",,,,,,,,,,,,,,,,+1-770-513-2925,,,,,,,,,,,,,,Piedmont Regional Library System,,,,,,,,,,,,,,,,
,Banks County Public Library,,,,,,,,"226 Highway 51 South Homer, GA 30547",,,,,,,,,,,,,,,,+1-706-677-3164,,,,,,,,,,,,,,Piedmont Regional Library System,,,,,,,,,,,,,,,,
,Braselton Library,,,,,,,,"15 Brassie Lane Braselton, GA 30517",,,,,,,,,,,,,,,,+1-706-654-1992; fax 706-654-2247,,,,,,,,,,,,,,Piedmont Regional Library System,,,,,,,,,,,,,,,,
,Commerce Public Library,,,,,,,,"1344 South Broad Street Commerce, GA 30529",,,,,,,,,,,,,,,,+1-706-335-5946,,,,,,,,,,,,,,Piedmont Regional Library System,,,,,,,,,,,,,,,,
,Harold S. Swindle Public Library,,,,,,,,"5466 U.S. Highway 441 South Nicholson, GA 30565",,,,,,,,,,,,,,,,+1-706-757-3577,,,,,,,,,,,,,,Piedmont Regional Library System,,,,,,,,,,,,,,,,
,Jefferson Public Library,,,,,,,,"1000 Washington Street Jefferson, GA 30549-1012",,,,,,,,,,,,,,,,+1-706-367-8012,,,,,,,,,,,,,,Piedmont Regional Library System,,,,,,,,,,,,,,,,
,Maysville Public Library,,,,,,,,"9247 Gillsville Road Maysville, GA 30558",,,,,,,,,,,,,,,,+1-706-652-2323,,,,,,,,,,,,,,Piedmont Regional Library System,,,,,,,,,,,,,,,,
,Statham Public Library,,,,,,,,"1928 Railroad Street Statham, GA 30666",,,,,,,,,,,,,,,,+1-770-725-4785,,,,,,,,,,,,,,Piedmont Regional Library System,,,,,,,,,,,,,,,,
,Talmo Public Library,,,,,,,,"45 A. J. Irvin Rd. Talmo, GA 30575",,,,,,,,,,,,,,,,+1-706-693-1905,,,,,,,,,,,,,,Piedmont Regional Library System,,,,,,,,,,,,,,,,
,Winder Library,,,,,,,,"84 W Midland Ave (Temporary location as of June 21) Winder, GA 30680",,,,,,,,,,,,,,,,+1-770-867-2762,,,,,,,,,,,,,,Piedmont Regional Library System,,,,,,,,,,,,,,,,
,Butler Public Library,,,,,,,,"56 West Main Street Butler, GA 31006",,,,,,,,,,,,,,,,+1-478-862-5428,,,,,,,,,,,,,,Pine Mountain Regional Library System,,,,,,,,,,,,,,,,
,Greenville Area Public Library,,,,,,,,"10 Gilbert Street Greenville, GA 30222",,,,,,,,,,,,,,,,+1-706-672-4004,,,,,,,,,,,,,,Pine Mountain Regional Library System,,,,,,,,,,,,,,,,
,Hightower Memorial Library,,,,,,,,"800 West Gordon Street Thomaston, GA 30286",,,,,,,,,,,,,,,,+1-706-647-8649,,,,,,,,,,,,,,Pine Mountain Regional Library System,,,,,,,,,,,,,,,,
,Manchester Public Library,,,,,,,,"218 Perry Street Manchester, GA 31816",,,,,,,,,,,,,,,,+1-706-846-2186,,,,,,,,,,,,,,Pine Mountain Regional Library System,,,,,,,,,,,,,,,,
,Reynolds Community Library,,,,,,,,"208 North Winston Street Reynolds, GA 31076",,,,,,,,,,,,,,,,+1-478-847-3468,,,,,,,,,,,,,,Pine Mountain Regional Library System,,,,,,,,,,,,,,,,
,Talbot County Library,,,,,,,,"75 North Jefferson Street Talbotton, GA 31827",,,,,,,,,,,,,,,,+1-706-665-3134,,,,,,,,,,,,,,Pine Mountain Regional Library System,,,,,,,,,,,,,,,,
,Yatesville Public Library,,,,,,,,"77 Childs Avenue Yatesville, GA 31097",,,,,,,,,,,,,,,,+1-706-472-3048,,,,,,,,,,,,,,Pine Mountain Regional Library System,,,,,,,,,,,,,,,,
,Roddenbery Memorial Library,,,,,,,,"320 North Broad Street Cairo, GA 39828",,,,,,,,,,,,,,,,+1-229-377-3632,,,,,,,,,,,,,,Roddenbery Memorial Library,,,,,,,,,,,,,,,,
,Cave Spring Library,,,,,,,,"17 Cedartown Street Cave Spring, GA 30124",,,,,,,,,,,,,,,,+1-706-777-3346,,,,,,,,,,,,,,Sara Hightower Regional Library,,,,,,,,,,,,,,,,
,Cedartown Library,,,,,,,,"245 East Avenue Cedartown, GA 30125",,,,,,,,,,,,,,,,+1-770-748-5644,,,,,,,,,,,,,,Sara Hightower Regional Library,,,,,,,,,,,,,,,,
,Rockmart Library,,,,,,,,"316 North Piedmont Ave Bldg 201 Rockmart, GA 30153",,,,,,,,,,,,,,,,+1-770-684-3022,,,,,,,,,,,,,,Sara Hightower Regional Library,,,,,,,,,,,,,,,,
,Rome/Floyd County Library,,,,,,,,"205 Riverside Parkway NE Rome, GA 30161",,,,,,,,,,,,,,,,+1-706-236-4601,,,,,,,,,,,,,,Sara Hightower Regional Library,,,,,,,,,,,,,,,,
,Ambrose Public Library,,,,,,,,"1070 Cypress Street Ambrose, GA 31512",,,,,,,,,,,,,,,,+1-912-359-2536,,,,,,,,,,,,,,Satilla Regional Library,,,,,,,,,,,,,,,,
,Broxton Public Library,,,,,,,,"105 Church Street Broxton, GA 31519",,,,,,,,,,,,,,,,+1-912-359-3887,,,,,,,,,,,,,,Satilla Regional Library,,,,,,,,,,,,,,,,
,Douglas-Coffee County Public Library,,,,,,,,"200 S. Madison Avenue, Suite D Douglas, GA 31533",,,,,,,,,,,,,,,,+1-912-384-4667,,,,,,,,,,,,,,Satilla Regional Library,,,,,,,,,,,,,,,,
,Nicholls Public Library,,,,,,,,"108 N. Liberty Street Nicholls, GA 31554",,,,,,,,,,,,,,,,+1-912-345-2534,,,,,,,,,,,,,,Satilla Regional Library,,,,,,,,,,,,,,,,
,Pearson Public Library,,,,,,,,"202 E. Bullard Avenue Pearson, GA 31642",,,,,,,,,,,,,,,,+1-912-422-3500,,,,,,,,,,,,,,Satilla Regional Library,,,,,,,,,,,,,,,,
,Willacoochee Public Library,,,,,,,,"165 E. Fleetwood Avenue Willacoochee, GA 31650",,,,,,,,,,,,,,,,+1-912-534-5252,,,,,,,,,,,,,,Satilla Regional Library,,,,,,,,,,,,,,,,
,Jenkins County Memorial Library,,,,,,,,"223 Daniel Street Millen, GA 30442",,,,,,,,,,,,,,,,+1-478-982-4244,,,,,,,,,,,,,,Screven-Jenkins Regional Library,,,,,,,,,,,,,,,,
,Screven County Library,,,,,,,,"106 South Community Drive Sylvania, GA 30467",,,,,,,,,,,,,,,,+1-912-564-7526,,,,,,,,,,,,,,Screven-Jenkins Regional Library,,,,,,,,,,,,,,,,
,Ball Ground Public Library,,,,,,,,"435 Old Canton Road Ball Ground, GA 30107",,,,,,,,,,,,,,,,+1-770-735-2025,,,,,,,,,,,,,,Sequoyah Regional Library,,,,,,,,,,,,,,,,
,Cherokee County Law Library,,,,,,,,"Justice Center,90 North Street, Suite 250 Canton, GA 30114",,,,,,,,,,,,,,,,+1-770-720-6358,,,,,,,,,,,,,,Sequoyah Regional Library,,,,,,,,,,,,,,,,
,Gilmer County Public Library,,,,,,,,"268 Calvin Jackson Drive Ellijay, GA 30540",,,,,,,,,,,,,,,,+1-706-635-4528,,,,,,,,,,,,,,Sequoyah Regional Library,,,,,,,,,,,,,,,,
,Hickory Flat Public Library,,,,,,,,"2740 East Cherokee Drive Canton, GA 30115",,,,,,,,,,,,,,,,+1-770-345-7565,,,,,,,,,,,,,,Sequoyah Regional Library,,,,,,,,,,,,,,,,
,Pickens County Public Library,,,,,,,,"100 Library Lane Jasper, GA 30143",,,,,,,,,,,,,,,,+1-706-692-5411,,,,,,,,,,,,,,Sequoyah Regional Library,,,,,,,,,,,,,,,,
,R.T. Jones Memorial Library,,,,,,,,"116 Brown Industrial Parkway Canton, GA 30114",,,,,,,,,,,,,,,,+1-770-479-3090,,,,,,,,,,,,,,Sequoyah Regional Library,,,,,,,,,,,,,,,,
,Rose Creek Public Library,,,,,,,,"4476 Towne Lake Parkway Woodstock, GA 30189",,,,,,,,,,,,,,,,+1-770-591-1491,,,,,,,,,,,,,,Sequoyah Regional Library,,,,,,,,,,,,,,,,
,Woodstock Public Library,,,,,,,,"7735 Main Street Woodstock, GA 30188",,,,,,,,,,,,,,,,+1-770-926-5859,,,,,,,,,,,,,,Sequoyah Regional Library,,,,,,,,,,,,,,,,
,Allen Statenville Library,,,,,,,,"US 129 & Jackson Street Statenville, GA 31648",,,,,,,,,,,,,,,,+1-229-559-8182,,,,,,,,,,,,,,South Georgia Regional Library,,,,,,,,,,,,,,,,
,Johnston Lakes Library,,,,,,,,"720 Lakes Boulevard Lake Park, GA 31636",,,,,,,,,,,,,,,,+1-229-559-8016,,,,,,,,,,,,,,South Georgia Regional Library,,,,,,,,,,,,,,,,
,McMullen Southside Library,,,,,,,,"527 Griffin Avenue Valdosta, GA 31601",,,,,,,,,,,,,,,,+1-229-253-8313,,,,,,,,,,,,,,South Georgia Regional Library,,,,,,,,,,,,,,,,
,Miller Lakeland Library,,,,,,,,"18 South Valdosta Road Lakeland, GA 31635",,,,,,,,,,,,,,,,+1-229-482-2904,,,,,,,,,,,,,,South Georgia Regional Library,,,,,,,,,,,,,,,,
,Salter Hahira Library,,,,,,,,"220 East Main Street Hahira, GA 31632",,,,,,,,,,,,,,,,+1-229-794-3063,,,,,,,,,,,,,,South Georgia Regional Library,,,,,,,,,,,,,,,,
,Valdosta-Lowndes County Library,,,,,,,,"300 Woodrow Wilson Drive Valdosta, GA 31602",,,,,,,,,,,,,,,,+1-229-333-0086,,,,,,,,,,,,,,South Georgia Regional Library,,,,,,,,,,,,,,,,
,Decatur County-Gilbert H. Gragg Library,,,,,,,,"301 South Monroe Street Bainbridge, GA 39819",,,,,,,,,,,,,,,,+1-229-248-2665,,,,,,,,,,,,,,Southwest Georgia Regional Library,,,,,,,,,,,,,,,,
,"James W. Merritt, Jr. Memorial Library",,,,,,,,"259 East Main Street Colquitt, GA 39837",,,,,,,,,,,,,,,,+1-229-758-3131,,,,,,,,,,,,,,Southwest Georgia Regional Library,,,,,,,,,,,,,,,,
,Seminole County Public Library,,,,,,,,"103 West Fourth Street Donalsonville, GA 39845",,,,,,,,,,,,,,,,+1-229-524-2665,,,,,,,,,,,,,,Southwest Georgia Regional Library,,,,,,,,,,,,,,,,
,Evans County Public Library,,,,,,,,"701 West Main Street Claxton, GA 30417",,,,,,,,,,,,,,,,+1-912-739-1801,,,,,,,,,,,,,,Statesboro Regional Public Libraries,,,,,,,,,,,,,,,,
,Franklin Memorial Library,,,,,,,,"331 West Main Street Swainsboro, GA 30401",,,,,,,,,,,,,,,,+1-478-237-7791,,,,,,,,,,,,,,Statesboro Regional Public Libraries,,,,,,,,,,,,,,,,
,L. C. Anderson Memorial Library,,,,,,,,"50 South Kennedy Street Metter, GA 30439",,,,,,,,,,,,,,,,+1-912-685-2455,,,,,,,,,,,,,,Statesboro Regional Public Libraries,,,,,,,,,,,,,,,,
,Pembroke Public Library,,,,,,,,"1018 Camelia Drive Pembroke, GA 31321",,,,,,,,,,,,,,,,+1-912-653-2822,,,,,,,,,,,,,,Statesboro Regional Public Libraries,,,,,,,,,,,,,,,,
,Richmond Hill Public Library,,,,,,,,"9607 Ford Avenue Richmond Hill, GA 31324",,,,,,,,,,,,,,,,+1-912-756-3580,,,,,,,,,,,,,,Statesboro Regional Public Libraries,,,,,,,,,,,,,,,,
,Statesboro-Bulloch County Library,,,,,,,,"124 South Main Street Statesboro, GA 30458",,,,,,,,,,,,,,,,+1-912-764-1341,,,,,,,,,,,,,,Statesboro Regional Public Libraries,,,,,,,,,,,,,,,,
,Boston Carnegie Library,,,,,,,,"250 South Main Street Boston, GA 31626",,,,,,,,,,,,,,,,+1-229-498-5101,,,,,,,,,,,,,,Thomas County Public Library System,,,,,,,,,,,,,,,,
,Coolidge Public Library,,,,,,,,"1029 East Verbena Avenue Coolidge, GA 31738",,,,,,,,,,,,,,,,+1-229-346-3463,,,,,,,,,,,,,,Thomas County Public Library System,,,,,,,,,,,,,,,,
,Gladys M. Clark Public Library,,,,,,,,"1060 North East Railroad Street Ochlocknee, GA 31738",,,,,,,,,,,,,,,,+1-229-574-5884,,,,,,,,,,,,,,Thomas County Public Library System,,,,,,,,,,,,,,,,
,Meigs Public Library,,,,,,,,"3058 North East Railroad Street Meigs, GA 31765",,,,,,,,,,,,,,,,+1-229-683-3853,,,,,,,,,,,,,,Thomas County Public Library System,,,,,,,,,,,,,,,,
,Pavo Public Library,,,,,,,,"3031 East Harris Street Pavo, GA 31778",,,,,,,,,,,,,,,,+1-229-859-2697,,,,,,,,,,,,,,Thomas County Public Library System,,,,,,,,,,,,,,,,
,Thomas County Public Library,,,,,,,,"201 North Madison Street Thomasville, GA 31792",,,,,,,,,,,,,,,,+1-229-225-5252,,,,,,,,,,,,,,Thomas County Public Library System,,,,,,,,,,,,,,,,
,Brantley County Library,,,,,,,,"14046 Cleveland Street, East Nahunta, GA 31553",,,,,,,,,,,,,,,,+1-912-462-5454,,,,,,,,,,,,,,Three Rivers Regional Library System,,,,,,,,,,,,,,,,
,Camden County Public Library,,,,,,,,"1410 Highway 40 East Kingsland, GA 31548",,,,,,,,,,,,,,,,+1-912-729-3741,,,,,,,,,,,,,,Three Rivers Regional Library System,,,,,,,,,,,,,,,,
,"Charlton Public Library, Inc.",,,,,,,,"1291 Indian Trail Folkston, GA 31537",,,,,,,,,,,,,,,,+1-912-496-2041,,,,,,,,,,,,,,Three Rivers Regional Library System,,,,,,,,,,,,,,,,
,Hog Hammock Public Library,,,,,,,,"1023 Hillery Lane, P.O. Box 69 Sapelo Island, GA 31327",,,,,,,,,,,,,,,,+1-912-485-2291,,,,,,,,,,,,,,Three Rivers Regional Library System,,,,,,,,,,,,,,,,
,Ida Hilton Public Library,,,,,,,,"1105 North Way Darien, GA 31305",,,,,,,,,,,,,,,,+1-912-437-2124,,,,,,,,,,,,,,Three Rivers Regional Library System,,,,,,,,,,,,,,,,
,Long County Public Library,,,,,,,,"28 South Main Street Ludowici, GA 31316",,,,,,,,,,,,,,,,+1-912-545-2521,,,,,,,,,,,,,,Three Rivers Regional Library System,,,,,,,,,,,,,,,,
,St. Marys Public Library,,,,,,,,"100 Herb Bauer Drive St. Marys, GA 31558",,,,,,,,,,,,,,,,+1-912-882-4800,,,,,,,,,,,,,,Three Rivers Regional Library System,,,,,,,,,,,,,,,,
,Wayne County Library,,,,,,,,"759 Sunset Boulevard Jesup, GA 31545",,,,,,,,,,,,,,,,+1-912-427-2500,,,,,,,,,,,,,,Three Rivers Regional Library System,,,,,,,,,,,,,,,,
,Harris County Public Library,,,,,,,,"138 North College Street Hamilton, GA 31811",,,,,,,,,,,,,,,,+1-706-628-4685,,,,,,,,,,,,,,Troup-Harris Regional Library,,,,,,,,,,,,,,,,
,Hogansville Public Library,,,,,,,,"310 Johnson Street Hogansville, GA 30230",,,,,,,,,,,,,,,,+1-706-637-6230,,,,,,,,,,,,,,Troup-Harris Regional Library,,,,,,,,,,,,,,,,
,LaGrange Memorial Library,,,,,,,,"115 Alford Street LaGrange, GA 30240",,,,,,,,,,,,,,,,+1-706-882-7784,,,,,,,,,,,,,,Troup-Harris Regional Library,,,,,,,,,,,,,,,,
,Lake Sinclair Library,,,,,,,,"130 Log Cabin Rd, Ste. D Milledgeville, GA 31061",,,,,,,,,,,,,,,,+1-478-452-6522,,,,,,,,,,,,,,Twin Lakes Library System,,,,,,,,,,,,,,,,
,Mary Vinson Memorial Library,,,,,,,,"151 S. Jefferson Street SE Milledgeville, GA 31061",,,,,,,,,,,,,,,,+1-478-452-0677,,,,,,,,,,,,,,Twin Lakes Library System,,,,,,,,,,,,,,,,
,Eatonton-Putnam County Library,,,,,,,,"309 North Madison Avenue Eatonton, GA 31024",,,,,,,,,,,,,,,,+1-706-485-6768,,,,,,,,,,,,,,Uncle Remus Regional Library System,,,,,,,,,,,,,,,,
,Greene County Library,,,,,,,,"610 South Main Street Greensboro, GA 30642",,,,,,,,,,,,,,,,+1-706-453-7276,,,,,,,,,,,,,,Uncle Remus Regional Library System,,,,,,,,,,,,,,,,
,Hancock County Library,,,,,,,,"403 East Broad Street Sparta, GA 31087",,,,,,,,,,,,,,,,+1-706-444-5389,,,,,,,,,,,,,,Uncle Remus Regional Library System,,,,,,,,,,,,,,,,
,Jasper County Library,,,,,,,,"319 East Green Street Monticello, GA 31064",,,,,,,,,,,,,,,,+1-706-468-6292,,,,,,,,,,,,,,Uncle Remus Regional Library System,,,,,,,,,,,,,,,,
,Monroe-Walton County Library,,,,,,,,"217 West Spring Street Monroe, GA 30655",,,,,,,,,,,,,,,,+1-770-267-4630,,,,,,,,,,,,,,Uncle Remus Regional Library System,,,,,,,,,,,,,,,,
,Morgan County Library,,,,,,,,"1131 East Avenue Madison, GA 30650",,,,,,,,,,,,,,,,+1-706-342-1206,,,,,,,,,,,,,,Uncle Remus Regional Library System,,,,,,,,,,,,,,,,
,O'Kelly Memorial Library,,,,,,,,"363 Conyers Road Loganville, GA 30052",,,,,,,,,,,,,,,,+1-770-466-2895,,,,,,,,,,,,,,Uncle Remus Regional Library System,,,,,,,,,,,,,,,,
,W. H. Stanton Memorial Library,,,,,,,,"TEMPORARY - 216 Village Circle Social Circle, GA 30025",,,,,,,,,,,,,,,,+1-770-464-2444,,,,,,,,,,,,,,Uncle Remus Regional Library System,,,,,,,,,,,,,,,,
,Walnut Grove Library,,,,,,,,"1000 Walnut Grove Parkway Loganville, GA 30052",,,,,,,,,,,,,,,,+1-678-342-9758,,,,,,,,,,,,,,Uncle Remus Regional Library System,,,,,,,,,,,,,,,,
,Buchanan-Haralson County Public Library,,,,,,,,"145 Courthouse Square Buchanan, GA 30113",,,,,,,,,,,,,,,,+1-770-646-3369,,,,,,,,,,,,,,West Georgia Regional Library System,,,,,,,,,,,,,,,,
,Centralhatchee Public Library,,,,,,,,"171 Notnomis Road Franklin, GA 30217",,,,,,,,,,,,,,,,+1-678-853-9047,,,,,,,,,,,,,,West Georgia Regional Library System,,,,,,,,,,,,,,,,
,Crossroads Public Library,,,,,,,,"909 Harmony Grove Church Road Acworth, GA 30101",,,,,,,,,,,,,,,,+1-770-975-0197,,,,,,,,,,,,,,West Georgia Regional Library System,,,,,,,,,,,,,,,,
,Dallas Public Library,,,,,,,,"1010 East Memorial Drive Dallas, GA 30132",,,,,,,,,,,,,,,,+1-770-445-5680,,,,,,,,,,,,,,West Georgia Regional Library System,,,,,,,,,,,,,,,,
,Dog River Public Library,,,,,,,,"6100 Georgia Highway 5 Douglasville, GA 30135",,,,,,,,,,,,,,,,+1-770-577-5186,,,,,,,,,,,,,,West Georgia Regional Library System,,,,,,,,,,,,,,,,
,Douglas County Public Library,,,,,,,,"6810 Selman Drive Douglasville, GA 30134",,,,,,,,,,,,,,,,+1-770-920-7125,,,,,,,,,,,,,,West Georgia Regional Library System,,,,,,,,,,,,,,,,
,Ephesus Public Library,,,,,,,,"200 Rogers Street Roopville, GA 30170",,,,,,,,,,,,,,,,+1-770-854-7323,,,,,,,,,,,,,,West Georgia Regional Library System,,,,,,,,,,,,,,,,
,Heard County Public Library,,,,,,,,"564 Main Street Franklin, GA 30217",,,,,,,,,,,,,,,,+1-706-675-6501,,,,,,,,,,,,,,West Georgia Regional Library System,,,,,,,,,,,,,,,,
,Lithia Springs Public Library,,,,,,,,"7100 Junior High Drive Lithia Springs, GA 30122",,,,,,,,,,,,,,,,+1-770-944-5931,,,,,,,,,,,,,,West Georgia Regional Library System,,,,,,,,,,,,,,,,
,Maude P. Ragsdale Library,,,,,,,,"1815 Hiram Acworth Highway Hiram, GA 30141",,,,,,,,,,,,,,,,+1-770-439-3964,,,,,,,,,,,,,,West Georgia Regional Library System,,,,,,,,,,,,,,,,
,Mt. Zion Public Library,,,,,,,,"4455 Mt. Zion Road Mt. Zion, GA 30150",,,,,,,,,,,,,,,,+1-770-832-0056,,,,,,,,,,,,,,West Georgia Regional Library System,,,,,,,,,,,,,,,,
,Neva Lomason Memorial Library,,,,,,,,"710 Rome Street Carrollton, GA 30117",,,,,,,,,,,,,,,,+1-770-836-6711,,,,,,,,,,,,,,West Georgia Regional Library System,,,,,,,,,,,,,,,,
,New Georgia Public Library,,,,,,,,"94 Ridge Road Dallas, GA 30157",,,,,,,,,,,,,,,,+1-770-459-8163,,,,,,,,,,,,,,West Georgia Regional Library System,,,,,,,,,,,,,,,,
,Ruth Holder Public Library,,,,,,,,"337 Sage Street Temple, GA 30179",,,,,,,,,,,,,,,,+1-770-562-5145,,,,,,,,,,,,,,West Georgia Regional Library System,,,,,,,,,,,,,,,,
,Tallapoosa Public Library,,,,,,,,"388 Bowdon Street Tallapoosa, GA 30176",,,,,,,,,,,,,,,,+1-770-574-3124,,,,,,,,,,,,,,West Georgia Regional Library System,,,,,,,,,,,,,,,,
,Villa Rica Public Library,,,,,,,,"869 Dallas Highway Villa Rica, GA 30180",,,,,,,,,,,,,,,,+1-770-459-7012,,,,,,,,,,,,,,West Georgia Regional Library System,,,,,,,,,,,,,,,,
,Warren P. Sewell Memorial Library-Bowdon,,,,,,,,"450 West Avenue Bowdon, GA 30108",,,,,,,,,,,,,,,,+1-770-258-8991,,,,,,,,,,,,,,West Georgia Regional Library System,,,,,,,,,,,,,,,,
,Warren P. Sewell Memorial Library-Bremen,,,,,,,,"315 Hamilton Avenue Bremen, GA 30110",,,,,,,,,,,,,,,,+1-770-537-3937,,,,,,,,,,,,,,West Georgia Regional Library System,,,,,,,,,,,,,,,,
,Whitesburg Public Library,,,,,,,,"800 Main Street Whitesburg, GA 30185",,,,,,,,,,,,,,,,+1-770-834-0713,,,,,,,,,,,,,,West Georgia Regional Library System,,,,,,,,,,,,,,,,
,Sylvester-Margaret Jones Library,,,,,,,,"205 Pope Street Sylvester, GA 31791",,,,,,,,,,,,,,,,+1-229-776-2096,,,,,,,,,,,,,,Worth County Library System,,,,,,,,,,,,,,,,