Org Code,Organization Name
1,6th Cavalry Museum
2,Albany Museum of Art
3,Allman Brothers Band Museum at the Big House
4,Annette Howell Turner Center for the Arts
5,ArtsGeorgia Inc.
6,Atlanta Federal Reserve Bank Monetary Museum
7,Atlanta History Center
8,Augusta Canal
9,Augusta Museum of History
10,Averitt Center for the Arts
11,Bandy Heritage Center for Northwest Georgia
12,Barrington Hall
13,Bartow History Museum
14,Blue and Gray Museum
15,Blue Ridge Mountain Arts Association
16,Booth Western Art Museum
17,Bowdon Area Historical Society
18,Breman Jewish Heritage Museum
19,Brenau University Galleries
20,Bulloch County Historical Society
21,Bulloch Hall
22,Butts County Historical Society
23,Calhoun-Gordon Arts Council
24,Cannonball House
25,Center For Puppetry Arts
26,Cherokee County Historical Society
27,Chieftains Museum
28,Church-Waddel-Brumby House
29,"Coastal Heritage Society, Inc."
30,William Root House Museum & Garden
31,Collectible and Antique Chair Gallery
32,Colquitt County Arts Center
33,Columbus Museum
34,Crawford W. Long Museum
35,Cultural Arts Council of Douglasville/Douglas County
36,Currahee Military Museum
37,Decatur County Historical and Genealogical Society
38,Dekalb History Center
39,Dorchester Academy
40,Douglas County Museum of History & Art
41,Elachee Nature Science Center
42,Elberton Granite Museum and Exhibit
43,Moreland Hometown Heritage Museum
44,Euharlee History Museum
45,First African Baptist Church
46,Flannery O'Connor–Andalusia Foundation
47,Fort Valley Downtown Development Authority/Main Street
48,Foxfire Museum and Heritage Center
49,"Friends of Scull Shoals, Inc."
50,Funk Heritage Center of Reinhardt University
51,William P. Wall Museum of Natural History
52,Georgia College Museum of Fine Arts
53,Georgia Humanities Council
54,Georgia Museum of Art
55,Georgia Southern University Museum
56,Hay House
57,"Georgia's Old Capital Museum Society, Inc."
58,Gilmer County Historical Society
59,Glennville Tattnall Museum
60,Hazlehurst–Jeff Davis Historical Museum Society
61,Heard County Historical Center and Museum
62,Heritage Station Museum
63,Herndon Home Museum
64,Hickory Hill
65,High Museum of Art
66,Hills and Dales Estate
67,Historic Banning Mills
68,"Historic Columbus Foundation, Inc."
69,Historic Macon Foundation
70,Sidney Lanier Cottage
71,Historic Oakland Foundation
72,Hudgens Center for the Arts
73,Isaiah Davenport House Museum
74,Jack Hadley Black History Museum
75,Towns Bluff Park & Heritage Center
76,Mosaic the Jekyll Island Museum
77,Jimmy Carter Library and Museum
78,Juliette Gordon Low Birthplace
79,Museum of History and Holocaust Education
80,LaGrange Woman's Club Bellevue
81,Laurens County Historical Society
82,LeConte Woodmanston Foundation
83,Lowndes County Historical Society and Museum
84,Lucy Craft Laney Museum of Black History and Conference Center
85,Lyndon House Arts Center
86,Madison-Morgan Cultural Center
87,Marietta Fire Museum
88,Marietta Museum of History
89,Marietta/Cobb Museum of Art
90,Marsh House of LaFayette
91,"Martin Luther King, Jr. National Historic Site"
92,Michael C. Carlos Museum Emory University
93,Monroe-Walton Center for the Arts
94,Monroe County Historical Society
95,Morris Museum of Art
96,Museum of Arts and Sciences
97,Museum of Aviation & Flight Technology Center
98,Museum of Colquitt County History
99,Museum of Contemporary Art of Georgia
100,Museum School of Avondale Estates
101,Newnan-Coweta Historical Society
102,Northeast Georgia History Center at Brenau University
103,Oak Hill and Martha Berry Museum
104,Ocmulgee National Monument Association
105,Oglethorpe University Museum of Art
106,Folkston Railroad Transportation Museum
107,Douglas County Museum of History and Art
108,Old Jail Museum and Genealogy Research Center
109,Oliver Cesair Gallery
110,Pebble Hill Plantation
111,Polk County Historical Society Museum
112,Port Columbus Civil War Naval Museum
113,Ralph Mark Gilbert Civil Rights Museum
114,Robert C. Williams Paper Museum
115,Rock Hawk Effigy & Trails
116,Roland Hayes Museum
117,Rome Area History Museum
118,Rose Lawn Museum
119,Saint Marys Submarine Museum
120,Saint Simons Island Lighthouse Museum
121,Salvation Army Southern Historical Center
122,Sautee Nacoochee Arts and Community Association
123,Asa H. Gordon Library at Savannah State University
124,SCAD Museum of Art
125,Senoia Area Historical Society
126,Shields Ethridge Heritage Farm
127,Ships of the Sea Maritime Museum
128,Shorter University Museum & Archives
129,Sidney Lanier Cottage House Museum
130,Smith Plantation
131,Smith-Gilbert Gardens
132,Smyrna Historical Society and Museum
133,Southeastern Museums Conference (SEMC)
134,Southeastern Quilt and Textile Museum
135,South Arts Inc
136,Southern Museum of Civil War and Locomotive History
137,Spruill Center for the Arts
138,Steffen Thomas Museum and Archives
139,Stone Mountain Park
140,Telfair Academy
141,Tellus Science Museum
142,Old Governor's Mansion
143,Old School History Museum 
144,Thomasville History Center
145,Thronateeska Heritage Center
146,Tifton Museum of Arts and Heritage
147,Tifton Terminal Train Museum
148,Troup County Historical Society Archives
149,Ty Cobb Museum
150,Uncle Remus Museum Inc.
151,Washington County Historical Society
152,Tunnel Hill Heritage Center & Museum
153,Historic Westville
154,Whitfield-Murray Historical Society
155,Jepson Center
156,Owens-Thomas House & Slave Quarters
157,Brown House Museum
158,Old City Cemetary
159,Warthen Old Jail
160,Charles E. Choate
161,Washington County Courthouse
162,Jefferson Davis’ Heritage Trail & Sherman’s March to the Sea Trail
163,Hamburg State Park
164,Thomas Jefferson Elder Community Center
165,Sandersville School
166,Fairmount City Library
167,Newnan Carnegie
168,Sayers Memorial Library
169,Smyrna Public Library
170,Athens-Clarke County Library
171,Bogart Branch Library
172,East Athens Community Resource Center
173,Lavonia-Carnegie Library
174,Lay Park Community Resource Center
175,Madison County Library
176,Oconee County Library
177,Oglethorpe County Library
178,Pinewoods Community Library and Education Center
179,Royston Branch Library
180,Winterville Library
181,Adams Park Branch
182,Adamsville-Collier Heights Branch
183,Alpharetta Library
184,Auburn Avenue Research Library
185,Buckhead Branch
186,Central Library (Atlanta-Fulton PLS)
187,Cleveland Avenue Branch
188,College Park Branch
189,Dogwood Branch
190,East Atlanta Branch
191,East Point Branch
192,East Roswell Branch
193,Fairburn Branch
194,Hapeville Branch
195,Kirkwood Branch
196,Martin Luther King Jr Branch
197,Mechanicsville Branch
198,Metropolitan Branch
199,Milton Branch
200,Northeast/Spruill Oaks Branch
201,Northside Branch
202,Northwest Branch at Scotts Crossing
203,Ocee Branch
204,Palmetto Branch
205,Peachtree Branch
206,Ponce de Leon Branch
207,Roswell Branch
208,Sandy Springs Branch
209,South Fulton Branch
210,Southeast Atlanta Branch
211,Southwest Branch
212,Washington Park Branch
213,West End Branch
214,Wolf Creek Branch
215,Appleby Branch Library
216,Augusta-Richmond County Public Library
217,Diamond Lakes Branch Library
218,Friedman Branch Library
219,Jeff Maxwell Branch Library
220,Wallace Branch Library
221,Adairsville Public Library
222,Cartersville Main Street Library
223,Emmie Nelson Library
224,Mary Willis Library
225,Taliaferro County Library
226,Thomson-McDuffie County Library
227,Brooks County Public Library
228,Catoosa County Library at Benton Place Campus
229,Columbus Public Library
230,Cusseta - Chattahoochee Public Library
231,Marion County Library
232,Mildred L. Terry Branch Library
233,North Columbus Branch Library
234,Parks Memorial Public Library
235,South Columbus Branch Library
236,Chattooga County Library
237,Trion Public Library
238,Chickamauga Public Library
239,Dade County Library
240,LaFayette-Walker County Public Library
241,Rossville Public library
242,Chestatee Regional Satellite Library
243,Dawson County Library
244,Lumpkin County Library
245,Clayton County Headquarters Library
246,Jonesboro Library
247,Lovejoy Library
248,Morrow Library
249,Northeast Clayton/Forest Park Library
250,Riverdale Library
251,Carrie Dorsey Perry Memorial Library
252,Coastal Plain Headquarters Library
253,Cook County Library
254,Fitzgerald-Ben Hill County Library
255,Irwin County Library
256,Tifton-Tift County Public Library
257,Victoria Evans Memorial Library
258,Acworth Library
259,"Central Library, Cobb Co. PLS"
260,East Cobb Library
261,East Marietta Library
262,Gritters Library
263,Hattie G. Wilson Library
264,Kemp Memorial Library
265,Kennesaw Library
266,Lewis A Ray Library
267,Mountain View Regional Library
268,Powder Springs Library
269,Sibley Library
270,South Cobb Library
271,Stratton Library
272,Sweetwater Valley Library
273,Vinings Library
274,West Cobb Regional Library
275,Nancy Guinn Memorial Library
276,A. Mitchell Powell Jr. Branch
277,Central Library--Coweta
278,Grantville Branch
279,Senoia Branch
280,Brookhaven Library
281,Chamblee Library
282,Clarkston Library
283,Covington Library
284,Decatur Library
285,Doraville Library
286,Dunwoody Library
287,Embry Hills Library
288,Flat Shoals Library
289,Gresham Library
290,Hairston Crossing Library
291,Lithonia-Davidson Library
292,Northlake-Barbara Loar Branch
293,Redan-Trotti Branch
294,Salem-Panola Library
295,Scott Candler Library
296,Scottdale-Tobie Grant Library
297,Stone Mountain-Sue Kellogg Library
298,Stonecrest Library
299,Toco Hill-Avis G. Williams Library
300,Tucker-Reid H. Cofer Library
301,Wesley Chapel-William C. Brown Library
302,Baker County Library
303,DeSoto Trail Regional Library
304,Jakin Public Library
305,Lucy Maddox Memorial Library
306,Pelham Carnegie Library
307,Sale City Public Library
308,"Central Library, Dougherty Co. PLS"
309,Northwest Library
310,Southside Branch Library
311,Tallulah Massey Library
312,Westtown Library
313,Bowman Branch
314,Elbert County Public Library
315,Barnesville-Lamar County Library
316,Fayette County Public Library
317,Griffin-Spalding County Library
318,J. Joel Edwards Public Library
319,Jackson-Butts County Public Library
320,Monroe County Library
321,Peachtree City Library
322,Tyrone Public Library
323,Cumming Branch & Headquarters
324,Hampton Park Library
325,Post Road Library
326,Sharon Forks Library
327,Burke County Library
328,Columbia County Library
329,Euchee Creek Library
330,Harlem Library
331,Lincoln County Library
332,Midville Library
333,Sardis County Library
334,Warren County Library
335,Buford-Sugar Hill Branch
336,Centerville Branch
337,Collins Hill Branch
338,Dacula Branch
339,Duluth Branch
340,Elizabeth H. Williams Branch (Snellville)
341,Five Forks
342,Grayson Branch
343,Hamilton Mill Branch
344,Library Headquarters and Lawrenceville Branch
345,Lilburn Branch
346,Mountain Park Branch
347,Norcross Branch
348,Peachtree Corners Branch
349,Suwanee Branch Library
350,North Hall Technology Center Branch
351,Blackshear Place Branch
352,Gainesville Library
353,Murrayville Branch
354,Spout Springs Branch
355,Hart County Library
356,Cochran Public Library
357,Fairview Public Library
358,Fortson Public Library
359,Locust Grove Public Library
360,McDonough Public Library
361,Centerville Branch Library
362,Nola Brantley Memorial Library
363,Perry Public Library
364,Louisville Public Library
365,McCollum Public Library
366,Wadley Public Library
367,Calhoun County Library
368,Clay County Library
369,Quitman County Library
370,Randolph County Library
371,Terrell County Public Library
372,Webster County Library
373,Byromville Public Library
374,Cordele-Crisp Carnegie Library
375,Dooly County Library
376,Elizabeth Harris Library
377,Lake Blackshear Headquarters Library
378,Schley County Library
379,Leesburg Library
380,Oakland Library
381,Redbone Library
382,Smithville Library
383,Bull Street Library
384,Carnegie Library
385,Forest City Library
386,Garden City Library
387,Hinesville Library
388,Islands Library
389,Midway-Riceboro Library
390,Oglethorpe Mall Library
391,Pooler Library
392,Port City Library
393,Rincon Library
394,Southwest Chatham Library
395,Springfield Library
396,Tybee Library
397,W W Law Library
398,West Broad Library
399,Brunswick-Glynn County Library
400,St. Simons Island Public Library
401,Charles A Lanford Library
402,Crawford County Public Library
403,East Wilkinson County Public Library
404,Gordon Public Library
405,Ideal Public Library
406,Jones County Public Library
407,Marshallville Public Library
408,Montezuma Public Library
409,Oglethorpe Public Library
410,Riverside Branch
411,Shurling Branch
412,Twiggs County Public Library
413,Washington Memorial Library
414,Doerun Municipal Library
415,Moultrie-Colquitt County Library
416,Fannin County Public Library
417,Mountain Regional Library
418,Towns County Public Library
419,Union County Public Library
420,Covington Branch Library
421,Newton County Newborn Branch
422,Porter Memorial Branch Library
423,Clarkesville-Habersham County Library
424,Cornelia-Habersham Co. Lib.
425,Rabun Co. Public Library
426,Toccoa-Stephens Co. Lib.
427,White Co. Lib.-Cleveland Branch
428,White Co. Lib.-Helen Branch
429,Calhoun-Gordon County Library
430,Chatsworth-Murray County Library
431,Dalton-Whitfield County Public Library
432,M. E. Roden Memorial Library
433,Murrell Memorial Library (Dodge County Library)
434,Telfair County Library
435,Tessie W. Norris/Cochran-Bleckley County Library
436,Wheeler County Library
437,Wilcox County Library
438,Glascock County Library
439,Harlie Fulford Memorial Library
440,Laurens County Library
441,Rosa M. Tarbutton Memorial Library
442,Treutlen County Library
443,Glennville Public Library
445,Jeff Davis Public Library
446,Ladson Genealogy Library
447,Montgomery County Library
448,Nelle Brown Memorial Library
449,Tattnall County Library
450,Vidalia-Toombs County Library
451,Alma-Bacon County Public Library
452,Appling County Public Library
453,Clinch County Public Library
454,Pierce County Public Library
455,Waycross-Ware County Public Library
456,Byron Public Library
457,Thomas Public Library
458,Auburn Public Library
459,Banks County Public Library
460,Braselton Library
461,Commerce Public Library
462,Harold S. Swindle Public Library
463,Jefferson Public Library
464,Maysville Public Library
465,Statham Public Library
466,Talmo Public Library
467,Winder Library
468,Butler Public Library
469,Greenville Area Public Library
470,Hightower Memorial Library
471,Manchester Public Library
472,Reynolds Community Library
473,Talbot County Library
474,Yatesville Public Library
475,Roddenbery Memorial Library
476,Cave Spring Library
477,Cedartown Library
478,Rockmart Library
479,Rome/Floyd County Library
480,Ambrose Public Library
481,Broxton Public Library
482,Douglas-Coffee County Public Library
483,Nicholls Public Library
484,Pearson Public Library
485,Willacoochee Public Library
486,Jenkins County Memorial Library
487,Screven County Library
488,Ball Ground Public Library
489,Cherokee County Law Library
490,Gilmer County Public Library
491,Hickory Flat Public Library
492,Pickens County Public Library
493,R.T. Jones Memorial Library
494,Rose Creek Public Library
495,Woodstock Public Library
496,Allen Statenville Library
497,Johnston Lakes Library
498,McMullen Southside Library
499,Miller Lakeland Library
500,Salter Hahira Library
501,Valdosta-Lowndes County Library
502,Decatur County-Gilbert H. Gragg Library
503,"James W. Merritt, Jr. Memorial Library"
504,Seminole County Public Library
505,Evans County Public Library
506,Franklin Memorial Library
507,L. C. Anderson Memorial Library
508,Pembroke Public Library
509,Richmond Hill Public Library
510,Statesboro-Bulloch County Library
511,Boston Carnegie Library
512,Coolidge Public Library
513,Gladys M. Clark Public Library
514,Meigs Public Library
515,Pavo Public Library
516,Thomas County Public Library
517,Brantley County Library
518,Camden County Public Library
519,"Charlton Public Library, Inc."
520,Hog Hammock Public Library
521,Ida Hilton Public Library
522,Long County Public Library
523,St. Marys Public Library
524,Wayne County Library
525,Harris County Public Library
526,Hogansville Public Library
527,LaGrange Memorial Library
528,Lake Sinclair Library
529,Mary Vinson Memorial Library
530,Eatonton-Putnam County Library
531,Greene County Library
532,Hancock County Library
533,Jasper County Library
534,Monroe-Walton County Library
535,Morgan County Library
536,O'Kelly Memorial Library
537,W. H. Stanton Memorial Library
538,Walnut Grove Library
539,Buchanan-Haralson County Public Library
540,Centralhatchee Public Library
541,Crossroads Public Library
542,Dallas Public Library
543,Dog River Public Library
544,Douglas County Public Library
545,Ephesus Public Library
546,Heard County Public Library
547,Lithia Springs Public Library
548,Maude P. Ragsdale Library
549,Mt. Zion Public Library
550,Neva Lomason Memorial Library
551,New Georgia Public Library
552,Ruth Holder Public Library
553,Tallapoosa Public Library
554,Villa Rica Public Library
555,Warren P. Sewell Memorial Library-Bowdon
556,Warren P. Sewell Memorial Library-Bremen
557,Whitesburg Public Library
558,Sylvester-Margaret Jones Library
559,Acworth Society for Historic Preservation
560,Alexander H. Stephens State Park
561,All Saints' Episcopal Church Archives and Library
562,Alma-Bacon County Historical Center
563,Alpha Delta Pi Sorority Memorial Headquarters
564,Alpharetta and Old Milton County Historical Society
565,Altama Museum of Art and History
566,American Baptist Historical Archive
567,American Cherokee Confederacy
568,Andersonville National Historic Site
569,Andersonville Old Time Farm Area and Museum
570,Andrew College Archives
571,Andrew Low House
572,Ansley Park Civic Association
573,Apex Museum
574,Appling County Heritage Center
575,Archives Research Center
576,Army Reserve Office of History
577,Arts and Heritage Council of Pelham
578,Ashantilly Center
579,Ashburn Historic Preservation Commission
580,Association of Southeastern Research Libraries (ASERL)
581,Athens Technical College Library
582,"Athens-Clarke Heritage Foundation, Inc."
583,Atlanta Cyclorama & Civil War Museum
584,Central Library - Special Collections
585,Atlanta Metropolitan College Library
586,"Atlanta Opera, The"
587,Atlanta Preservation Center
588,Atlanta Regional Council for Higher Education (ARCHE)
589,Robert W. Woodruff Library - Department of Theological Services
590,Atlanta Urban Design Commission - Historic Preservation
591,Augusta Genealogical Society
592,"Augusta Richmond County Historical Society, The"
593,Augusta Public Library - Georgia Heritage Room
594,Austell City Museum
595,Austell Historical Preservation Society
596,Autrey Mill Nature and Heritage Preserve
597,Baldwin Library
598,Banks County Historical Society
599,Barnesville-Lamar County Historical Society
600,Barrow County Historical Society and Museum
601,Bartow County Genealogical Society
602,Archives and Research Library
603,Beach Institute
604,Bellevue
605,Berry College
606,Bethesda Museum
607,Beulah Heights University
608,Bonaventure Cemetery
609,Brantley Historical Society
610,Brasstown Bald Visitor Information Center
611,Brooks County Genealogical Society
612,Bryan-Lang Historical Archives
613,Byron Area Historical Society
614,C.E.Blevins Avian Learning Center
615,Callaway Plantation
616,Camden County Historical Commission
617,Candler County Historical Society Museum
618,Carroll County Genealogical Society
619,Carroll County Historical Society
620,"Carson McCullers Center for Writers and Musicians, The"
621,Carter-Coile Country Doctors Museum
622,Catholic Archdiocese of Atlanta Archives
623,Catholic Diocese of Savannah Archives
624,Catoosa County Historical Society
625,Catoosa County Library - Mildred E. Ward Special Collections Room
626,Cave Spring Historical Society
627,Center for Public History
628,Central Georgia Genealogical Society
629,Charlton County Historical Society and Archives
630,Chattahoochee River National Recreation Area
631,Chattahoochee Valley Libraries
632,Chattooga County Historical Society
633,Chattooga County Library System - Georgia Room
634,Cherokee Indian Museum
635,"Cherokees of Georgia Tribal Council, Inc."
636,Chickamauga and Chattanooga National Military Park
637,Chief Vann House State Historic Site
638,Chipley Historical Center of Pine Mountain
639,City of Atlanta Department of Aviation
640,City of Norcross - Community Development Department
641,"City of Savannah, Research Library & Municipal Archives"
642,Clarke-Oconee Genealogical Society
643,University Archives and Special Collections
644,Coastal Georgia Archaeological Society
645,Coastal Georgia Historical Society
646,Polk County Historical Society
647,Village Hall
648,Cobb County Genealogical Society
649,Cobb County Historic Preservation Commission
650,Cobb County Youth Museum
651,Cobb Landmarks and Historical Society
652,"Coca-Cola Company, The"
653,Colbert Improvement Club
654,College of Coastal Georgia
655,College Park Historical Society
656,Colquitt County Historical Society
657,Columbia County Historical Society
658,Columbia Theological Seminary
659,Columbus State University Archives
660,Commerce Public Library Heritage Room
661,Congregation Mickve Israel
662,Cook County Historical Society
663,Coosa Valley Technical College
664,"Coweta County Genealogical Society, Inc"
665,Crawford County Historical Society
666,"Crescent -The Valdosta Garden Center, Inc."
667,Cumberland Island National Seashore
668,Dade County Historical Society
669,Dahlonega Gold Museum
670,Dahlonega Historic Preservation Commission
671,Dalton State College
672,Dawson County Historical and Genealogical Society
673,Decatur County Genealogical Society
674,Dell-Goodall House
675,Delta Air Transport Heritage Museum; Delta Flight Museum
676,Delta Genealogical Society
677,DeVry University
678,Douglas County Historical Society
679,Drummer Boy Civil War Museum
680,Duluth Historical Society
681,Eagle Tavern Museum
682,Early County Historical Society
683,Early County Museum
684,East Georgia College Library
685,East Georgia Genealogical Society
686,East Point Historical Society
687,Eatonton-Putnam County Historical Society
688,Bainbridge Library - Abraham Baldwin Agricultural Library
689,Elbert County Historical Society
690,Eleventh Circuit Historical Society
691,Elijah Clark State Park Museum
692,Ellen Payne Odom Genealogy Library
693,"Emanuel Arts Council, Inc."
694,Emanuel County Historic Preservation Society
695,Etowah Indian Mounds
696,Etowah Valley Historical Society
697,Factor's Walk Military Museum
698,Fayette County Historical Society
699,Fernbank Museum of Natural History
700,Fields Place -- Vickery House
701,"First Families of Georgia, 1733-1797"
702,Flint Riverquarium
703,Floride Allen Library
704,Folk Pottery Museum of Northeast Georgia
705,Forsyth County Heritage Foundation
706,Fort Benning
707,Fort Frederica National Monument
708,Fort King George Historic Site
709,Fort McAllister Historic Park
710,Fort Morris State Historic Site
711,Fort Mountain State Park
712,Fort Oglethorpe
713,Fort Pulaski National Monument
714,Fort Stewart Museum
715,Fort Valley State College Library
716,Fort Yargo State Park
717,Fox Theatre
718,Franklin County Historical Society
719,Friends of Coastal Georgia History
720,Friends of Sweetwater Creek State Park
721,Friends of the Roswell Library
722,Garden Club of Georgia
723,Genealogical Society of Henry and Clayton Counties
724,Georgia Alliance of Preservation Commissions
725,Georgia Aquarium
726,Georgia Archives
727,Georgia Assembly of Community Arts Agencies
728,Georgia Association of Historians
729,Georgia Association of Museums and Galleries
730,Georgia Baptist Historical Archive and Museum
731,Georgia Capitol Museum
732,Georgia College & State University
733,Georgia Council for the Arts
734,Georgia Department of Community Affairs
735,Georgia Genealogical Society
736,Georgia Governor's Mansion
737,Georgia Gwinnett College Library
738,Georgia Health Sciences University
739,Georgia Historical Society
740,Georgia Institute of Technology
741,Georgia Library for Accessible Services (GLASS)
742,Georgia Museum of Agriculture and Historic Village
743,Georgia Public Library Service
744,Georgia Records Association
745,Georgia Salzburger Society
746,Georgia Society of Colonial Dames
747,Georgia Society of Mayflower Descendants
748,Georgia Society of the Dames of the Court of Honor
749,Georgia Society of the Sons of the American Revolution
750,University of North Georgia Special Collections & Archives Gainesville Campus
751,Georgia Southern University
752,Georgia State Law Library
753,Georgia State Society
754,Georgia State University
755,Georgia Trust for Historic Preservation
756,Georgia Veterans Memorial State Park Museum
757,Georgia Women of Achievement
758,Girl Scout First Headquarters
759,Middle Georgia State University Cochran Campus Roberts Memorial Library
760,Golden Isles Archaeology Club
761,Gordon County Historical Society
762,Gordon Lee Mansion
763,"Grady County Historical Society, Inc."
764,Greene County Historical Society
765,Green-Meldrim House
766,Griffin Technical College Library
767,Griffin-Spalding Historical Society
768,Guale Historical Society
769,Guyton Historical Society
770,Gwinnett County Public Library
771,Gwinnett Historical Society
772,Gwinnett History Museum
773,"Habersham County Historical Society, Inc"
774,Hahira Historical Society
775,"Hall County Historical Society, Inc."
776,Hamburg State Park Museum
777,Hammonds House Museum
778,Hapeville Historical Society
779,Haralson County Historical Society
780,Harris County Trust for Historic Preservation
781,Hart County Historical Society
782,Henry County Library System
783,Heritage Sandy Springs
784,Heritage Village - Hurricane Shoals Park
785,Dublin-Laurens County Museum
786,"Historic Augusta, Inc."
787,Historic Effingham Society
788,Historic Oglethorpe County
789,Historic Preservation Division
790,Historic Preservation Society of Social Circle
791,Historic Savannah Foundation
792,"Historic Talbotton Foundation, Inc."
793,Historical Jonesboro-Clayton County
794,Historical Society of Cumming/Forsyth County
795,Historical Society of the Georgia National Guard
796,Historical Society of Walton County
797,Hofwyl Plantation
798,Houston County Public Library
799,Huguenot Society of Georgia
800,Huguenot Society of Virginia
801,Hurn Museum of Contemporary Folk Art
802,Huxford Genealogical Society
803,Indian Springs State Park Museum
804,Inman Park Neighborhood Association
805,LeConte-Woodmanston Plantation and Botanical Garden
806,Istanbul Center
807,Jackson County Historical Society
808,James Earl Carter Library
809,"James G. Kenan Research Center, Atlanta History Center"
810,Jarrell Plantation State Historic Site
811,Jefferson County Historical Society
812,Jefferson Davis Memorial Museum and Park
813,Jekyll Island Museum
814,Jenkins County Historical Society
815,Jimmy Carter National Historic Site
816,Joel Chandler Harris Association
817,Johnson County Historical Society
818,"Kennesaw Historical Society, Inc."
819,Kennesaw Mountain National Battlefield Park
820,Kennesaw State University
821,Kinchafoonee Regional Library
822,King Library and Archives
823,"King-Tisdell Cottage, The"
824,Kolomoki Mounds State Park Museum
825,LaGrange Art Museum
826,LaGrange College
827,Lake Park Historical Society and Museum
828,Lanier Museum of Natural History
829,Lapham-Patterson House
830,LDS Family History Center
831,Senioa Area Historical Society History Museum
832,Lee-Stelzer Heritage Research Museum
833,Liberty County Historical Society
834,Library Technology Center
835,Lincoln County Historical Society
836,"Longstreet Society, Inc."
837,LostWorlds.org
838,Lower Altamaha Historical Society
839,Lower Muskogee Creek Tribe
840,"Lumpkin County Historical Society, Inc."
841,Mable House Arts Center and Historic House
842,Macon County Historical Society
843,Macon Little Theatre
844,Macon State College
845,Madison County Heritage Foundation
846,"Madison Museum of Fine Art, Inc."
847,Marble Valley Historical Society Inc
848,Middle Georgia State University Dublin Campus Library
849,Massie Heritage Interpretation Center
850,"McCain Library Special Collections and Archives, Agnes Scott College"
851,McDuffie County Historical Society
852,Meadow Garden
853,Mercer University Atlanta
854,Mercer University Jack Tarver Library
855,"Mercer University School of Medicine, Medical Library"
856,"Mercer Williams House Museum, The"
857,Meriwether Historical Society
858,Middle Georgia Archives
859,Midway Museum Inc
860,Mighty Eighth Air Force Museum
861,Minis Room Collection and University Archives
862,Moore Methodist Museum
863,Moreland Community Historical Society
864,Morgan County African American Museum
865,Morgan County Historical Society
866,Morgan County Landmarks Society
867,Morgan County Records Archives
868,Muscogee Genealogical Society
869,"Museum at GCSU, The"
870,National Archives at Atlanta
871,National Infantry Museum
872,National Society of Andersonville
873,New Echota State Historic Site
874,Newton County Historical Society
875,"Norcross History Center, The"
876,North Georgia Conference of the United Methodist Church
877,Northwest Georgia Historical and Genealogical Society
878,Ocmulgee Regional Library System
879,Dublin-Laurens Heritage Center
880,Oglethorpe University
881,Ohoopee Regional Library System
882,Okefenokee Heritage Center
883,Okefenokee National Wildlife Refuge
884,Okefenokee Regional Library System
885,Okefenokee Swamp Park
886,Ola Wyeth Branch Library
887,Old Athens Cemetery Foundation
888,Old Campbell County Historical Society
889,Old Clinton Historical Society
890,Old Fort Jackson
891,Old Haralson County Courthouse
892,Oxford College of Emory University
893,"Oxford Historical Shrine Society, Inc."
894,Paine College
895,Paulding County Historical Society
896,Peach Public Libraries
897,Pickett's Mill Battlefield State Historic Site
898,Piedmont College
899,Piedmont Regional Library System
900,Pierce County Historical and Genealogical Society
901,"Pine Log Historical Society, Archives, Library Inc., The"
902,Pine Mountain Gold Museum at Stockmar Park
903,Pine Mountain Regional Library System
904,Pioneer Historical Society
905,"Pitts Theology Library, Archives and Manuscripts Department"
906,Plains Historic Preservation Trust
907,Polk County Historical Society
908,Port Wentworth Branch Library
909,Prater's Mill Foundation
910,Pulaski Historical Commission
911,Quinlan Visual Arts Center
912,Brooks County Museum and Cultural Center
913,Rabun County Historical Society
914,Randolph Historical Society
915,Rhodes Hall
916,Robert Toombs House State Historic Site
917,Rockdale County Genealogical Society
918,Rockdale County Historical Society
919,Rome Area Heritage Foundation
920,Rome-Floyd County Library Special Collections Department
921,Roopville Archive and Historical Society
922,Roosevelt's Little White House
923,Roswell Historical Society
924,Roundhouse Railroad Museum
925,Sandersville Technical College
926,Sandy Springs Arts and Heritage Society
927,Sandy Springs Historic Community Foundation
928,Savannah Area Genealogical Association
929,Savannah College of Art and Design
930,Savannah Jewish Archives
931,Savannah River Valley Genealogical Society
932,Saint James Pennington Log Church
933,Savannah-Ogeechee Canal Society
934,Schley County Historical Society
935,Seminole County Historical Society
936,Sequoyah Regional Library
937,Seven Springs Park
938,Signal Corps History Office
939,Middle Georgia State University Eastman Campus Library
940,Society for the Preservation of Laurel Grove
941,Society of Georgia Archivists
942,Society of the War of 1812 in the State of Georgia
943,Sons and Daughters of the Pilgrims
944,Sons of Confederate Veterans
945,Sons of Confederate Veterans
946,South Georgia Genealogical Society
947,South Georgia Regional Library System
948,Southeastern Cherokee Council
949,Southeastern Railway Museum
950,Southern Forest World
951,Southern Museum Archives & Library
952,Southern Polytechnic State University Library
953,Middle Georgia State University Warner Robins Campus Library
954,Southwest Georgia Regional Library - Genealogy Room
955,Sparta-Hancock County Historical Society
956,Spelman College Archives
957,Springer Opera House
958,St. Mary's Historic Preservation Commission
959,"Anthony O. Parker, Ph.D. Library/Media Center"
960,State Parks and Historic Sites Division
961,Owens Library
962,Stephen C. Foster State Park
963,Stephens County Historical Society
964,Stewart County Historical Commission
965,"Stuart Rose Manuscript, Archives and Rare Book Library"
966,Sumter Historic Trust
967,Suwanee Historical Society
968,Sweetwater Creek State Conservation Park
969,Taliaferro County Historical Society
970,Tallulah Gorge State Park
971,Tattnall County Historic Preservation
972,Taylor County Historical-Genealogical Society
973,Taylor-Grady House
974,Douglas County Regional Academic Center Library Mercer University
975,Terrell County Historic Preservation Society
976,Terry Coleman Museum and Archives
977,Thomas County Historical Society
978,Thomas University Library Archives
979,Thomaston-Upson Archives
980,"Thomasville Genealogical, History, and Fine Arts Library"
981,Thomasville Landmarks
982,Towns County Historical & Genealogical Society
983,Traveler's Rest State Historic Site
984,Treutlen County Historical Society
985,Tubman African American Museum
986,Tybee Island Historical Society
987,U. S. Army Forces Command
988,U. S. D .A. Forest Service
989,U. S. Navy Supply Corps Museum
990,Union County Historical Society
991,United Daughters of the Confederacy
992,United States Daughters of 1812
993,University of Georgia
994,University of Georgia Libraries
995,"University of Georgia Marine Extension Service, The"
996,University of Georgia Media Archives and Peabody Awards Collection
997,University of West Georgia
998,Upson Historical Society
999,Valdosta Heritage Foundation
1000,Valdosta State University Archives
1001,Vernacular Georgia
1002,Victorian Society of Savannah
1003,Vienna Historic Preservation Society
1004,Henry County Regional Academic Center Library Mercer University
1005,Walker County Historical Society
1006,Washington Historical Museum
1007,Washington-Wilkes Historical Foundation
1008,Watson-Brown Foundation
1009,Wayne County Historical Society
1010,West Broad YMCA Branch
1011,West Chatham Branch Library
1012,West Georgia Museum of Tallapoosa
1013,West Georgia Regional Library
1014,Weston's Woman's Club
1015,White County Historical Society
1016,Willet Memorial Library
1017,Atlanta Technical College Library
1018,"SCSC Special Collections, William S. Smith Library"
1019,Woodruff Health Sciences Center Library
1020,Woodward Academy/GMA Archives
1021,"World Aircraft Museum, Inc."
1022,World War II Flight Training Museum
1023,Wormsloe State Historic Site
1024,Worth County Historical Society
1025,"Wrightsboro Foundation, Inc."
1026,Wynne-Russell House
1027,Young Harris College
1028,"Afro-American Historical and Genealogical Society, Inc. (AAHGS) - Metro Atlanta Chapter"
1029,Andersonville National Cemetery
1030,Drummer Boy Civil War Museum
1031,Athens Historical Society
1032,Athens-Clarke County Library - Heritage Room
1033,Albany Civil Rights Institute
1034,Burke County Archives
1035,Burke County Genealogical Society
1036,"SCSC Special Collections, Waycross Campus Library"
1037,Coffee County Historical Society
1038,Huxford-Spear Genealogical Library
1039,Willow Hill Heritage & Renaissance Center
1040,Atlanta Housing Archives
1041,Patch Works Art & History Center
1042,Tybee Island Light Station And Museum
1043,Tybee Community Center
1044,Tybee Island Marine Science Center
1045,Tybee Island YMCA
1046,Oatland Island Education Center
1047,Skidaway Institute of Oceanography Library
1048,University of Georgia - Skidaway Aquarium
1049,Bethesda Academy
1050,Savannah Botanical Garden
1051,Thunderbolt Branch Library
1052,Thunderbolt Museum Society
1053,Jen Library
1054,Flannery O'Connor Childhood Home
1055,Savannah History Museum
1056,Kennedy Pharmacy
1057,The National Society of the Colonial Dames of America
1058,Augusta Technical College Library
1059,Georgia State Railroad Museum
1060,Central Georgia Technical College Library
1061,Girl Scout Archives
1062,Hitch Library
1063,"W.W. Law Foundation, Inc."
1064,Kiah Hall
1065,Beach Institute African American Cultural Center
1066,The Great Savannah Exposition
1067,Ogeechee Branch Library
1068,Carnegie Branch Library
1069,Old Water Plant
1070,Kayton Branch Library
1071,Coastal Georgia Botanical Gardens at the Historic Bamboo Farm
1072,Savannah Ogeechee Canal Society
1073,Recreation Department
1074,Shellfish Research Laboratory
1075,Aragon Historical Society
1076,Augusta Canal Authority
1077,"Augusta Richmond County Historical Society, Inc."
1078,Bethlehem Missionary Baptist Church
1079,Bonaventure Historical Society
1080,Buckhead Heritage Society
1081,Byron Herbert Reece Society
1082,Central Of Georgia Railway Historical Society
1083,Chattahoochee Valley Historical Society
1084,City of Griffin - Griffin-Spalding Archives
1085,City Of Madison
1086,"Clermont Historical Society, Inc."
1087,Amicalola Falls State Park
1088,Black Rock Mountain State Park
1089,Echols County Historical Society
1090,Euharlee Historical Society
1091,Evans County Historical Society
1092,First A.M.E. Church
1093,"Flannery O'Connor Home Foundation, Inc."
1094,Friends of Towns Bluff and Heritage Center
1095,"Georgia Battlefields Association, Inc."
1096,Georgia Military Officers Association of America (GAMOAA)
1097,"Georgia Museums, Inc."
1098,Chattahoochee Bend State Park
1099,Cloudland Canyon State Park
1100,Historic Linwood Foundation
1101,Historic Rural Churches of Georgia
1102,Independent Presbyterian Church
1103,"Lanier County Historical Society, Inc."
1104,Marble Valley Friends
1105,Metropolitan Planning Commission
1106,Ossabaw Island Foundation
1107,Richmond Hill Historical Society
1108,Roosevelt Warm Springs Institute Library
1109,Crooked River State Park
1110,"Savannah-Ogeechee Canal Society, Inc."
1111,Screven County History Buffs
1112,Snellville Historical Society
1113,"Solomon's Lodge No. 1, F. & A.M."
1114,St. John's Church
1115,"Stone Rangers, Inc."
1116,Susie King Taylor Women's Institute and Ecology Center
1117,T. R. R. Cobb House
1118,Tattnall County Archives
1119,"The McDaniel-Tichenor House, Inc."
1120,Wilkinson County Historical Society
1121,Dames Ferry Campground State Park
1122,Monroe County Local History Room and Museum
1123,Georgia Rural Telephone Museum
1124,Pin Point Heritage Museum
1125,Savannah Children's Museum
1126,McRitchie-Hollis Museum
1127,The Train Depot
1128,Plaza Arts Center
1129,Georgia Museum of Surveying & Mapping
1130,Thronateeska Science Museum
1131,Thronateeska History Museum
1132,Wetherbee Planetarium
1133,South Georgia Archives
1134,Historic Albany Foundation
1135,Legacy Museum on Main
1136,The Museum Of The Brer Rabbit
1137,Trap Music Museum
1138,SCAD FASH Museum of Fashion + Film
1139,Skelton Medical Library Savannah Mercer University School of Medicine
1140,Columbus Campus Mercer University School of Medicine
1141,Old Athens Cemetery
1142,Historic Haralson Historical Society
1143,Lane Library Piedmont College
1144,Prater's Mill Historic Site
1145,Oconee Fall Line Technical College South Campus Library
1146,Oconee Fall Line Technical College Jefferson Library
1147,Oconee Fall Line Technical College Little Ocmulgee Instructional Center Library
1148,ACA Library of Savannah College of Art and Design
1149,Savannah Jewish Federation
1150,Heritage Sandy Springs Museum and Park
1151,Laurel Grove South Cemetery
1152,Horace W. Sturgis Library Kennesaw University
1153,"Chattahoochee Technical College Library, Marietta Campus"
1154,Stephens County History Museum
1155,Bedingfield Inn
1156,Terrell County History Museum
1157,University of Georgia Marine Extension and Sea Grant
1158,Don Carter State Park
1159,South Georgia State College Archives and Special Collections Waycross Campus
1160,Georgia Writers Museum
1161,James Pendergrast Memorial Library
1162,Harold B. Wetherbee Library
1163,Reese Library
1164,"Robert B. Greenblatt, M.D. Library"
1165,Clayton State University Library
1166,Clara Wood Gould Memorial Library
1167,Camden Center Library
1168,Simon Schwob Memorial Library
1169,Columbus State University Music Library
1170,Derrell C. Roberts Library
1171,Henry Alexander Hunt Memorial Library
1172,Ina Dillard Russell Library
1173,Daniel J. Kaufman Library & Learning Center
1174,Georgia Highlands College Cartersville Library
1175,Georgia Highlands College Douglasville Library
1176,Georgia Highlands College Marietta/KSU Library
1177,Georgia Highlands College Rome Library
1178,Georgia Highlands College Paulding Library
1179,Georgia Institute of Technology Main Library
1180,"Georgia Institute of Technology Archives & Special Collections "
1181,"Library Service Center "
1182,Lane Library
1183,Georgia State University Atlanta Campus Library
1184,Georgia State University Alpharetta Campus Library
1185,Georgia State University Clarkston Campus Library
1186,Georgia State University Decatur Campus Library
1187,Georgia State University Dunwoody Campus Library
1188,Georgia State University Newton Campus Library
1189,Georgia State University College of Law Library
1190,Dorothy W. Hightower Collaborative Learning Center & Library
1191,Lawrence V. Johnson Library
1192,Middle Georgia State University Library
1193,Middle Georgia State University Archives
1194,South Georgia State College Archives
1195,Main Library
1196,Science Library
1197,Miller Learning Center
1198,Special Collections Libraries
1199,Carnegie Library
1200,Map & Government Information Library
1201,Curriculum Materials Library
1202,Art Library at Lamar Dodd
1203,Music Library
1204,Cumming Library
1205,Library Technology Center
1206,John Harrison Hosch Library
1207,Oconee Library
1208,Ingram Library
1209,Odum Library
1210,Trustee Library
1211,John Bulow Campbell Library
1212,"C. Benton Kline, Jr. Special Collections and Archives"
1213,"Monroe F. Swilley, Jr. Library"
1214,Furman Smith Law Library
1215,Skelton Medical Library Macon Campus
1216,"M. Delmar Edwards, M.D. Library"
1217,Philip Weltner Library
1218,Pitts Library
1219,Memorial Library
1220,Barth Memorial Library
1221,Fountain-New Library
1222,Anna E. Kresge Memorial Library
1223,Shaw-Leslie Library
1224,Georgia Central University Library
1225,Sibley-Cone Library
1226,Michael J. Lynch Law Library
1227,Frank and Laura Lewis Library
1228,Drs. Sid E. and Nell K. Williams Library
1229,Smith Library
1230,New Orleans Baptist Theological Seminary North Georgia Hub Library
1231,Collins-Callaway Library & Learning Resources Center
1232,P. Randolph Shy Special Collection
1233,Arrendale Library
1234,Point University Library
1235,Hill Freeman Library and Spruill Learning Center
1236,Richmont Graduate University Library
1237,Livingston Library
1238,Thomas University Library
1239,Seby Jones Library
1240,Cofer Library
1241,Zell & Shirley Miller Library
1242,Chattahoochee Technical College Jasper Library
1243,Chattahoochee Technical College Canton Library
1244,Chattahoochee Technical College Mountain View Library
1245,Chattahoochee Technical College North Metro Library
1246,Chattahoochee Technical College Paulding Library
1247,Chattahoochee Technical College Woodstock Library
1248,Coastal Pines Technical College Waycross Campus Library
1249,Coastal Pines Technical College Jesup Library
1250,Coastal Pines Technical College ​Hazlehurst Learning Resource Center
1251,Coastal Pines Technical College Golden Isles Library
1252,Coastal Pines Technical College Camden Center Library
1253,Coastal Pines Technical College Baxley Learning Resource Center
1254,Coastal Pines Technical College Alma Learning Resource Center
1255,Columbus Technical College Library
1256,Elijah Clark State Park
1257,Georgia Northwestern Technical College Floyd County Campus Library
1258,Georgia Northwestern Technical College Gordon County Campus Library
1259,Georgia Northwestern Technical College Polk County Campus Library
1260,Georgia Northwestern Technical College Walker County Campus Library
1261,Georgia Northwestern Technical College Whitfield Murray Campus Library
1262,Georgia Piedmont Technical College DeKalb Campus Learning Resource Center
1263,Georgia Piedmont Technical College Newton Campus Learning Resource Center
1264,Georgia Piedmont Technical College South DeKalb Campus Learning Resource Center
1265,Gwinnett Technical College Alpharetta-North Fulton Library
1266,"Gwinnett Technical College Lawrenceville Library "
1267,"Lanier Technical College Hall Campus Library "
1268,"Lanier Technical College Forsyth Campus Library "
1269,"Lanier Technical College Barrow Campus Library "
1270,"Lanier Technical College Dawson Campus Library "
1271,"Lanier Technical College Jackson Campus Library "
1272,North Georgia Technical College Blairsville Library
1273,North Georgia Technical College Clarkesville Library
1274,North Georgia Technical College Currahee Library
1275,Oconee Fall Line Technical College North Campus Library
1276,Ogeechee Technical College Library
1277,Savannah Technical College Savannah Library
1278,Savannah Technical College Liberty County Library
1279,Savannah Technical College Effingham County Campus Learning Resource Center
1280,South Georgia Technical College Americus Campus Library
1281,South Georgia Technical College Crisp County Center Library
1282,Southeastern Technical College Vidalia Campus Library
1283,Southeastern Technical College Swainsboro Campus Library
1284,Southern Crescent Technical College Griffin Campus Library
1285,Southern Crescent Technical College Flint River Campus Library
1286,Southern Regional Technical College Thomasville Main Campus Library
1287,Southern Regional Technical College Moultrie-Industrial Drive Library
1288,Southern Regional Technical College Moultrie-Veterans Parkway Library
1289,Southern Regional Technical College Tifton Library
1290,Southern Regional Technical College Cairo Library
1291,West Georgia Technical College Roger Schoerner Technical Library
1292,West Georgia Technical College Coweta Campus Library
1293,West Georgia Technical College Douglas Campus Library
1294,West Georgia Technical College LaGrange Campus Library
1295,West Georgia Technical College Mary McClung Library
1296,"Wiregrass Georgia Technical College Ben Hill-Irwin Campus The Lewis I. Brinson, Sr. Library"
1297,Wiregrass Georgia Technical College Coffee Campus Library
1298,Wiregrass Georgia Technical College Cook County Workforce Development Center Library
1299,Wiregrass Georgia Technical College Valdosta Campus Library
1300,F.D. Roosevelt State Park
1301,Florence Marina State Park
1302,General Coffee State Park
1303,George L. Smith State Park
1304,George T. Bagby State Park
1305,Gordonia-Alatamaha State Park
1306,Hard Labor Creek State Park
1307,High Falls State Park
1308,Indian Springs State Park
1309,James H. Floyd State Park
1310,Kolomoki Indian Mounds State Park
1311,Laura S. Walker State Park
1312,Little Ocmulgee State Park
1313,Magnolia Springs State Park
1314,Mistletoe State Park
1315,Moccasin Creek State Park
1316,Panola Mountain State Park
1317,Providence Canyon State Park
1318,Red Top Mountain State Park
1319,Reed Bingham State Park
1320,Reynold's Mansion on Sapelo Island
1321,Richard B. Russell State Park
1322,Seminole State Park
1323,Skidaway Island State Park
1324,Smithgall Woods State Park
1325,Suwannee River Eco-Lodge State Park
1326,Tugaloo State Park
1327,Unicoi State Park
1328,Victoria Bryant State Park
1329,Vogel State Park
1330,Watson Mill Bridge State Park
1331,Hardman Farm State Historic Site
1332,New Echota State Historic Site
1333,Allatoona Pass Battlefield
1334,Griswoldville Battlefield
1335,Ball's Ferry
1336,Hartwell Lakeside Park
1337,Resaca Battlefield Historic State
1338,Rocky Mountain Recreation and Public Fishing Area
1339,Sam Shortline Excursion Train
1340,Adam Brinson Historical Society
1341,African American Sports Museum
1342,African-American Historical Association Of Newton County
1343,African-American Research Library And Cultural Center
1344,African American Alliance Inc.
1345,Air Acres Museum
1346,Airborne Historical Association Inc.
1347,Altamaha Heritage Center
1348,American Society For The History Of Rhetoric
1349,Ames Society
1350,Animation Hall Of Fame
1351,Anne Frank In World
1352,Army Aviation Heritage Foundation And Museum
1353,Art Station
1354,Atlanta Beltline Partnership
1355,Atlanta Heritage Row
1356,Heritage Fund of Atlanta Medical Association
1357,Augusta Cotton Exchange Museum
1358,Augusta International Raceway Preservation Society
1359,Aviation Museum At Marietta Georgia
1360,B. J. Palmer Historic Home
1361,Baptist History And Heritage Society
1362,Old Jail Museum & Archives
1363,Barrow Preservation Society Inc.
1364,2019 RKDS FILM FEST
1365,Biblical History Center
1366,"A Través, Inc."
1367,Blackstock Southern Heritage Agricultural Museum
1368,Bo Bartlett Center
1369,Bremen Textile And Railroad Museum
1370,Brown Park
1371,Bruce Weiner Microcar Museum
1372,Brumby Hall
1373,Brunswick History Museum
1374,Bryan-Lang Foundation
1375,Buckhead Conservancy
1376,"Abel 2, Inc."
1377,Burke County Museum
1378,Burnt Fort Historical Association
1379,Byron Hebert Reece Society
1380,C.T. And Octavia Vivian Museum And Archives
1381,Canton St Paul And Pacific Railway
1382,Academy of Kuchipudi Dance
1383,Cassville Historical Society
1384,Catoosa Citizens' & Veterans' Memorial
1385,Celtic Collection Program
1386,Center For The Study Of African Diaspora Museums & Community
1387,Blind Willie McTell Music Festival
1388,Chattahoochee County Historic Preservation Society
1389,Chattahoochee Parks Conservancy
1390,Chattahoochee Valley Sports Hall Of Fame
1391,Cherokee County Sports Hall Of Fame
1392,Cleveland Better Home Town
1393,Actor's Express
1394,Acworth Cultural Arts
1395,Columbus Black History Museum
1396,Comer Historical Society
1397,Commemorative Air Force
1398,Concord Covered Bridge Historic District
1399,Cook County Museum And Library
1400,Coweta County African American Heritage Museum
1401,Coweta Sports Hall Of Fame
1402,CSU Environmental Learning Center
1403,Cumberland Island Museum
1404,Dawn Of Time Museum
1405,Dawsonville History Museum
1406,Deans Store
1407,Decatur Preservation Alliance
1408,Afrikan Djeli Cultural Institute
1409,AIR Serenbe
1410,Discovering Stone Mountain Museum
1411,Dodds Boys
1412,Dodge Historical Society
1413,Dr R Thomas Museum
1414,Dunwoody Preservation Trust
1415,Educational Foundation And Museum Of Beulah Rucker
1416,Educopia Institute
1417,Eighth Air Force Historical Society
1418,Enitiative Group
1419,Alapaha Station Celebration
1420,Alif Institute
1421,Ezekiel Harris Historic House
1422,Faces Of Freedom War Museum
1423,Fannin County Heritage
1424,Farm At Oatland North
1425,Flat Rock Archive
1426,Fletcher Henderson Museum
1427,Flint River Farms School Preservation Society
1428,Flippen Historical Society
1429,First Tee Augusta Foundation
1430,Fort Attaway
1431,Fort Gaines Historical Society
1432,Allied Arts
1433,Fort Stewart Museum
1434,Fort Tyler Association
1435,Georgia Aquatic Hall Of Fame
1436,Georgia Baptist Historical Society
1437,Alton Holman Heritage Arts
1438,Georgia Historical Aviation Museum
1439,"Americus Sumter Arts County Council "
1440,Georgia Museum Of Transportation & Industry
1441,Georgia Retired Educators Museum
1442,Georgia State Cotton Museum
1443,Georgia State Patrol Historical Society
1444,Georgia Trapshooting Hall Of Fame
1445,Georgia Writers Museum
1446,AREA
1447,Gertrude Ma Rainey House & Blues Museum
1448,Aris
1449,Gipp Museums
1450,Art Papers
1451,Global Health Odyssey Museum
1452,Glynn County Sports Hall Of Fame
1453,Gone With The Wind Movie Museum
1454,Gone With Wind Museum
1455,Grady County Museum
1456,Grantville Better Hometown
1457,Grayson Arts And History Center
1458,Griffin Museum
1459,Grovetown Museum
1460,Gwinnett Environmental And Heritage Center
1461,Gwinnett History Museum
1462,Habersham County Wall Of Honor
1463,Haralson County Veterans Association Of Tallapoosa
1464,Haralson County Veterans Memorial Park
1465,Art Resource Collective of Savannah
1466,Hebron Historical Society Of Banks County Georgia
1467,Heritage Park Museum
1468,"Art Rise Savannah, Inc."
1469,Hiram Rosenwald School Museum
1470,"Artists' Guild of Columbia County, Inc.  "
1471,Historic Brunswick Seaport
1472,Historic Center Of Alma Bacon County Georgia
1473,Historic District Preservation Society
1474,Historic George Washington Carver Heights Subdivision Preservation
1475,Historic Marietta Square Branding Project
1476,Historic Norcross Preservation Alliance
1477,Historic Olgethorpe County
1478,Historic Preservation Fund Pilot Club Of Macon
1479,Historic Transport Preservation
1480,Historical & Preservation Commission Of Centerville Ga
1481,Historical Jonesboro-Clayton
1482,Artportunity Knocks
1483,Hogansville Charitable Trust
1484,Hungate Family Historical Society
1485,Imagination Station Childrens Museum Of Augusta
1486,Indio Trail
1487,ARTS ATL
1488,Infinite Spirit Museum
1489,Interact Art Museum
1490,Isle Of Hope Historical Association
1491,Arts by Deborah Landry
1492,Jim-Ree African American Museum
1493,Joel Chandler Harris Association
1494,John Creek Children's Museum
1495,Jones County History & Heritage
1496,Jonesboro Fire House Museum
1497,Kennesaw Mountain Historical Association
1498,"ArtsBridge Foundation, Inc."
1499,"ArtsNow, Inc."
1500,King-Tisdell Cottage Foundation
1501,Leon And Rachel Gathany Museum Foundation
1502,Artz for the Harp
1503,Liberty Cultural And Historic Association
1504,Loudermilk Boarding House
1505,"Asa Music Production ,Inc"
1506,Marble Museum
1507,Marion County Historical Society
1508,Mark Twain Circle Of America
1509,Marti Historical Society
1510,Athens Film Arts Institute
1511,Athens Folk Music and Dance Society
1512,"AthFest, Inc"
1513,Middle Georgia Historical Society
1514,Mighty 8th Af Historical Society
1515,ATHICA
1516,Atlanta Celebrates Photography
1517,Monroe Cultural & Heritage Museum
1518,Morgan County Historical Society
1519,Museum Of Buford
1520,Museum Of The South
1521,National Armor And Cavalry Museum
1522,Atlanta Chinese Dance Company
1523,National Foundation Of Patriotism
1524,Atlanta Community Symphony Orchestra
1525,New Rangoon Museum
1526,Noble Hill-Wheeler Memorial
1527,"Atlanta Educational Telecommunications Collaborative, Inc."
1528,North Alexander School Association
1529,North Georgia Live Steamers
1530,North Wilkes Museum & Archives
1531,Atlanta Freedom Bands
1532,Oconee County Historical Society
1533,Ogeechee River Car Museum
1534,Old Ambulance Museum
1535,Old South Museum & Agriculture Learning Center
1536,Pasaquan Preservation Society
1537,Patsiliga Museum
1538,Paulding County Genealogical Society
1539,Peach County Historical Society
1540,Perry Area Historical Society
1541,Pike County Historical Society
1542,Pike Historic Preservation
1543,Pinpoint Heritage Museum
1544,Atlanta Jewish Film Society
1545,Prophet Everetts Black History Museum And Cultural Center Of
1546,Raymond Loewy Museum Of Industrial Design
1547,Regional African American Museum Of Northeast Georgia
1548,Road To Tara Museum
1549,Atlanta Jewish Music Festival
1550,Rock Barn Project
1551,Royston Renaissance
1552,Sandy Springs Unique Vehicles
1553,Atlanta Lyric Theatre
1554,Scottish Rite Valley Of Atlanta Preservation Trust
1555,Seabrook Village
1556,Seven Springs Historical Society
1557,Seven Springs Museum
1558,Silver Stars Square Dance Club
1559,Sorrel Weed House
1560,Soul Food Museum
1561,South Fork Conservancy
1562,Southern Museum Of Advertising Memorabilia
1563,Southern Museum Of Music
1564,Sports Champions Of Greater Atlanta
1565,Stone Mountain Historic Society
1566,Strozier Heritage Society
1567,Atlanta Master Chorale
1568,Suwanee Crossroads
1569,Tailfin Automotive Museum
1570,Teaching Museum North Foundation
1571,Teaching Museum South
1572,Terrell County Historic Preservation Society
1573,Atlanta Music Project
1574,Towns Country Historical Society
1575,Trenton Downtown Alliance
1576,Tri-State Model Railroaders
1577,Atlanta Philharmonic
1578,Tunnel Hill Historical Foundation
1579,Tybee Island Historical Society
1580,Atlanta Photography Group Inc.
1581,Veterans Memorial Association Of Smyrna
1582,Veterans Of All Wars Museum
1583,Victory Museum Foundation
1584,Vietnamese Community Of Georgia
1585,Walker County African American Historical And Alumni Association
1586,Walter F George Law Museum
1587,Warren County Historical Society
1588,Weinman William Mineral Museum
1589,West Georgia Textile Heritage Trail
1590,Atlanta Printmakers Studio
1591,Whaley Aviation
1592,Wicks Tavern
1593,Wm H Spencer Golden Owlettes
1594,Woodbine Cultural Arts Center
1595,Woodrow Wilson House
1596,Yahoola Cherokee Museum
1597,7 Stages Theatre
1598,Atlanta Chamber Players
1599,Carrollton Cultural Center
1600,Conyers Rockdale Council for the Arts
1601,Fulton County Arts Council
1602,Georgia Symphony Orchestra
1603,RiverCenter for the Performing Arts
1604,Savannah Music Festival
1605,Shepherd Center
1606,The Woodruff Arts Center
1607,C4 Atlanta
1608,Atlanta Coalition of Performing Arts
1609,VSA Arts of Georgia
1610,Georgia Artists with Disabilities
1611,Georgia Festivals and Fairs
1612,Georgia Lawyers for the Arts
1613,South Carolina Volunteer Lawyers for the Arts
1614,Georgia Center for Non Profits
1615,Georgia Alliance for Arts Education
1616,Georgia Art Education Association
1617,Georgia Music Educators Association
1618,Atlanta Symphony Orchestra
1619,Georgia Writers Association
1620,Georgia Poetry Society
1621,New Georgia Encyclopedia
1622,Georgia Writers Hall of Fame
1623,Georgia Children's Books Awards
1624,Georgia Library Association
1625,Georgia Center for the Book
1626,Georgia Literary Festival
1627,Georgia Music Magazine
1628,The Columbus Symphony
1629,Fox Theater Institute
1630,Georgia Theatre Conference
1631,Georgia Watercolor Society
1632,Georgia's Old Capitol Museum
1633,Georgia State Archives and History Division
1634,Georgia Council of Professional Archaeologists
1635,Alternate Roots
1636,South Cobb Arts Alliance
1637,Artworks!Gwinnett
1638,Norcross Arts Alliance
1639,Johns Creek Arts Center
1640,Callanwolde Arts Center
1641,Fulton County Arts and Culture
1642,"City of Atlanta, Mayor's Office of Cultural Affairs"
1643,
1644,
1645,"The Arts Council, Gainesville Georgia"
1646,Creative Arts Guild
1647,Cherokee Arts Center
1648,Arts Clayton
1649,Atlanta Theatre-To-Go
1650,Athens Area Arts Council
1651,Athens-Clarke County Leisure Services
1652,Greater Augusta Arts Council
1653,Macon Arts Alliance
1654,Columbus Cultural Arts Alliance
1655,ABAC Arts Connection
1656,Tifton-Tift County Arts Council
1657,"ATLANTA YOUNG SINGERS of Callanwolde, Inc."
1658,Golden Isles Arts and Humanities Association
1659,Glynn Art Association
1660,Savannah Department of Cultural Affairs
1661,Colquitt Miller Arts Council
1662,"Augusta Mini Theatre, Inc."
1663,
1664,Augusta Players
1665,Avery Gallery
1666,Elements Art Gallery
1667,Coca Cola Space Science Center
1668,Augusta Symphony
1669,Georgia Sports Hall of Fame and Museum
1670,Aurora Theatre
1671,The National Science Center's Fort Discovery
1672,"Austin Theater Enrichment Arts Alliance, Inc."
,Thomas County Museum of History
1674,Back Alley Productions Inc
1675,Gallery RFD
1676,R. M. Gilbert Civil Rights Museum
1677,"Backlot Players, Inc."
1678,Ballet Theatre South
1679,"Ballethnic Dance Company, Inc"
1680,"Barefoot Productions, Inc."
1681,Beacon Dance
1682,Beatin' Path Rhythm Events
1683,"Bent Frequency, Inc."
1684,Berdol� Flamenco Management and Production
1685,Besharat Arts Foundation
1686,Blue Heron Nature Preserve
1687,Blue Ridge Community Theater
1688,"Bridge Da Gap Movement, Inc"
1689,"Bulgarian American Cultural Association Rosa Atlanta, Inc"
1690,BURNAWAY
1691,"Callanwolde Foundation, Inc."
1692,Canopy Studio Inc
1693,"Carrollton Center for the Arts, formally Carrollton Cultural Arts Center"
1694,Cedartown Civic Auditorium
1695,Cherokee County Art Center
1696,"Chestatee Artists, Inc"
1697,ChopArt
1698,"Choral Guild of Atlanta, Inc."
1699,Choral Society of West Georgia
1700,City Gate Dance Theater Company Inc
1701,"CJE Foundation, Inc."
1702,Classic Center Cultural Foundation
1703,Clay County Community Health Center
1704,Coastal Jazz Association
1705,Coastal Symphony of Georgia
1706,Collegium Vocale
1707,Columbia County Choral Society
1708,"Columbus Philharmonic Guild, Inc."
1709,Community Arts Association in Newton County
1710,Community Arts Live
1711,Cordele Main Street
1712,"Dad's Garage, Inc."
1713,"Dance Canvas, Inc."
1714,Full Radius Dance
1715,"Dancical Productions, Inc."
1716,Dashboard US
1717,Decatur Book Festival
1718,Deep Center
1719,Dodge Arts Guild
1720,drawchange
1721,Dublin Laurens Arts Council
1722,Dunwoody Nature Center
1723,Elbert Theatre Foundation
1724,Elm Street Cultural Arts Village
1725,Eyedrum
1726,Festival Hall
1727,Fine Art Society of Middle GA
1728,Fitzgerald-Ben Hill County Arts Council
1729,Fletcher Henderson Foundation
1730,Flint River Art Council
1731,Flux Projects
1732,Fourth Ward Alliance
1733,Fourth Ward Neighbors Association
1734,Franklin Pond Chamber Music
1735,Freedom Park Conservancy
1736,"Friends & Stars, Inc."
1737,Friends of Calhoun's GEM Theatre
1738,"Friends of Historic Douglass Theatre Complex, Inc."
1739,Friends of Mimosa Hall & Gardens
1740,Friends of Spirit
1741,Friends of the Atlanta Black Theatre Festival
1742,Gainesville Theatre Alliance
1743,Gateway Performance Productions
1744,Georgia's Old Capital Museum Society
1745,Georgia Children's Chorus
1746,Georgia Dance Theatre
1747,Georgia Innkeepers Association
1748,Georgia Metropolitan Dance Theater
1749,Georgia Mountain Storytelling Festival
1750,Rome Shakespeare Festival
1751,Georgia Pick and Bow Traditional Music School
1752,Gilmer Arts & Heritage Association
1753,"gloATL, Inc (glo)"
1754,Griffin Ballet Theatre
1755,"Griffin Choral Arts, Inc."
1756,Gwinnett Ballet Theatre
1757,Hambidge Center for the Creative Arts and Sciences
1758,Harlem Arts Council
1759,Hart Regional Arts Council
1760,Hawkinsville-Pulaski County Arts Council
1761,"Helen Arts & Heritage Council, Inc"
1762,Historic DeSoto Theatre Foundation
1763,Hogansville Regional Arts Association
1764,Horizon Theatre Company
1765,Atlanta Film Society
1766,IDEA Gallery
1767,"Inspired Achievements, Inc."
1768,"JapanFest, Inc."
1769,John Hamm Performing Arts Series at Covenant College
1770,Johns Creek Symphony Orchestra
1771,Keep Roberta/Crawford Beautiful
1772,"Kids Video Connection, Inc."
1773,LaGrange Symphony Orchestra
1774,Little Actors Theatre of Valdosta
1775,Little Five Alive
1776,LIVE ARTS THEATER
1777,Loop It Up Savannah
1778,Macon Film Festival
1779,Macon Pops
1780,Main Street Blackshear/Better Hometown Blackshear
1781,Main Street Millen
1782,Main Street Sylvania
1783,Main Street Toccoa
1784,"Manga African Dance, Inc."
1785,Big Chicken Chorus
1786,McIntosh Arts Association
1787,McIntosh County Shouters
1788,Mead Rd. Mardi Gras
1789,Meridian Herald
1790,Metropolitan Youth Symphony Orchestra
1791,Middle Georgia Youth Ballet
1792,MINT
1793,Morton Theatre Corporation
1794,"Mountain Regional Arts & Crafts Guild, Inc."
1795,Moving in the Spirit
1796,Mr. Damon's Shadow Puppet Theater
1797,Music Foundation of America
1798,National Black Arts Festival
1799,Newnan ArtRez
1800,"Newnan Carnegie Library Foundation, Inc."
1801,Newnan Shakespeare in the Park
1802,"North Georgia Arts Guild, Inc."
1803,North Georgia Chamber Symphony
1804,North Gwinnett Arts Association
1805,Nu�i's Space
1806,Nu�i Phillips Memorial Foundation
1807,Nutcracker of Middle Georgia
1808,Oconee Cultural Arts Foundation
1809,Oconee Performing Arts Society
1810,"On Stage, Inc"
1811,OnStage Atlanta Theatre Company
1812,Otis Redding Foundation
1813,"Out Front Theatre Company, Inc."
1814,Out of Hand Theater
1815,"Out On Film, Inc."
1816,"Paint Love, Inc."
1817,Paradise Garden Foundation Inc.
1818,Peach State Opera Company
1819,Pelham Main Street Program
1820,"Performing Arts Alliance of Macon County, INC"
1821,"Phoenix Theatre Academy, Inc."
1822,Pianos for Peace
1823,"Pines and Palms: The Georgia-Florida Artists Association, Inc."
1824,Popes Museum
1825,Pulse: Heartbeat of Macon
1826,PURBASHA INC
1827,R2ISE Inc.
1828,Randolph Arts Council
1829,Ray City Community Library
1830,Reforming Arts Incorporated
1831,"Reimagine Atl, INC"
1832,"REMERGE, Inc."
1833,Renaissance Connection Inc.
1834,"RIFF, Inc"
1835,Rockmart Cultural Arts Center
1836,"Rome Little Theatre, Inc"
1837,Rome Symphony Orchestra
1838,Room To Move Dance
1839,Rose of Athens Theatre
1840,"Roswell Arts Fund, Inc."
1841,Roswell Dance Theatre
1842,Sams Memorial Community economic development Inc.
1843,Savannah Ballet Theatre
1844,Savannah Children's Choir
1845,Savannah Philharmonic Corporation
1846,Savannah River Productions
1847,Savannah VOICE Festival
1848,Cumming Arts Center
1849,Sawnee Ballet Theatre
1850,"Serenbe Institute for Art, Culture and the Environment"
1851,Serenbe Playhouse
1852,Dancers Core
1853,Snake Nation Press
1854,Social Circle Theatre and Arts Council Inc.
1855,Solo Theatre
1856,South Georgia Ballet
1857,Artsxchange
1858,Southeast Fiber Arts Alliance
1859,Southern Highland Music Foundation
1860,Southside Theatre Guild
1861,Springfield Legacy Foundation
1862,"St Marys Children's Theatre, Inc"
1863,"Stage Door Players, Inc. d/b/a Stage Door Players"
1864,"Sumter Players, Inc."
1865,Susan Chambers Dance Company
1866,Synchronicity Theatre
1867,TADA Foundation Inc
1868,Terminus Modern Ballet Theatre
1869,Artisans Village
1870,"The Atlanta Boy Choir, Inc."
1871,The Augusta Players
1872,The Celtic Company
1873,The City of Forsyth Main Street
1874,"The Columbus Ballet, Inc."
1875,The Creatives Project
1876,"The Essential Theatre, Inc."
1877,The Georgia Ballet
1878,The Gift of Music Foundation
1879,"The Hapeville Arts Alliance, Inc."
1880,"The James Brown Family Foundation, Inc."
1881,"The Jessye Norman School of the Arts, Inc."
1882,The Lucky Penny
1883,The Michael O'Neal Singers
1884,The Mitchell Young Anderson Museum
1885,The New Depot Players
1886,"The Object Group, Inc."
1887,"The Plaza Arts Center, Inc."
1888,THE REMARKABLE YOUTH PROJECT INC
1889,"The Story Ship, LLC"
1890,Theatre du Reve Inc.
1891,Theatrical Outfit
1892,"Thiokol Memorial Project, Inc."
1893,Thomaston-Upson Arts Council
1894,"Tri-Cities Arts Alliance, Inc."
1895,Kenny Leon's True Colors Theatre Company
1896,Twinhead Theatre
1897,Tybee Post Theater
1898,University of Georgia Performing Arts Center
1899,"University of West Georgia, Townsend Center for the Performing Arts"
1900,Urban Youth Harp Ensemble
1901,Utopian Academy for the Arts
1902,Valdosta Main Street
1903,Vietnam Veterans of America Chapter 1101 Inc.
1904,Voices of North Georgia
1905,Washington Street Community Center
1906,Watershed Dance Theatre
1907,"Wayne County Arts Council, Inc."
1908,Whole World Theatre Co
1909,Wilcox County Arts Council
1910,"Winder-Barrow Community Theatre, Inc."
1911,Women in Film & Television Atlanta
1912,WonderRoot
1913,Working Title Playwrights
1914,Youth Ensemble of Atlanta Inc
1915,Youth Orchestra of Greater Columbus
1916,Zoetic Dance Ensemble
1917,
1918,
1919,
1920,
1921,
1922,
1923,
1924,
1925,
1926,
1927,
1928,
1929,
1930,
1931,
1932,
1933,
1934,
1935,
1936,
1937,
1938,
1939,
1940,
1941,
1942,
1943,
1944,
1945,
1946,
1947,
1948,
1949,
1950,
1951,
1952,
1953,
1954,
1955,
1956,
1957,
1958,
1959,
1960,
1961,
1962,
1963,
1964,
1965,
1966,
1967,
1968,
1969,
1970,
1971,
1972,
1973,
1974,
1975,
1976,
1977,
1978,
1979,
1980,
1981,
1982,
1983,
1984,
1985,
1986,
1987,
1988,
1989,
1990,
1991,
1992,
1993,
1994,
1995,
1996,
1997,
1998,
1999,
2000,