Name,Description,Alias,State,instance of
"Abba, Georgia","unincorporated community in Georgia, United States","Abba, Georgia",Georgia,unincorporated community
"Abernathys Mill, Georgia","unincorporated community in Georgia, United States","Abernathys Mill, Georgia",Georgia,unincorporated community
"Achord, Georgia","unincorporated community in Georgia, United States","Achord, Georgia",Georgia,unincorporated community
"Acree, Georgia","unincorporated community in Georgia, United States","Acree, Georgia",Georgia,unincorporated community
"Adabelle, Georgia","unincorporated community in Georgia, United States","Adabelle, Georgia",Georgia,unincorporated community
"Adasburg, Georgia","unincorporated community in Georgia, United States","Adasburg, Georgia",Georgia,unincorporated community
Adelaide,"unincorporated community in Georgia, United States","Adelaide, Georgia",Georgia,unincorporated community
"Adgateville, Georgia","unincorporated community in Georgia, United States","Adgateville, Georgia",Georgia,unincorporated community
"Aerial, Georgia","unincorporated community in Georgia, United States","Aerial, Georgia",Georgia,unincorporated community
Afton,"unincorporated community in Georgia, United States","Afton, Georgia",Georgia,unincorporated community
Agricola,"unincorporated community in Georgia, United States","Agricola, Georgia",Georgia,unincorporated community
Ai,"unincorporated community in Georgia, United States","Ai, Georgia",Georgia,unincorporated community
"Aikenton, Georgia","unincorporated community in Georgia, United States","Aikenton, Georgia",Georgia,unincorporated community
"Air Line, Georgia","unincorporated community in Georgia, United States","Air Line, Georgia",Georgia,unincorporated community
Akridge,"unincorporated community in Georgia, United States","Akridge, Georgia",Georgia,unincorporated community
"Alexander, Georgia","unincorporated community in Georgia, United States","Alexander, Georgia",Georgia,unincorporated community
"Allatoona, Georgia","unincorporated community in Georgia, United States","Allatoona, Georgia",Georgia,unincorporated community
Allendale,"unincorporated community in Georgia, United States","Allendale, Gwinnett County, Georgia",Georgia,unincorporated community
"Almon, Georgia","unincorporated community in Georgia, United States","Almon, Georgia",Georgia,unincorporated community
"Alpine, Georgia","unincorporated community in Georgia, United States","Alpine, Georgia",Georgia,unincorporated community
Alps,"unincorporated community in Georgia, United States","Alps, Georgia",Georgia,unincorporated community
"Altamaha Park, Georgia","unincorporated community in Georgia, United States","Altamaha Park, Georgia",Georgia,unincorporated community
Altamaha Place,"unincorporated community in Georgia, United States","Altamaha Place, Georgia",Georgia,unincorporated community
"Altamaha, Georgia","unincorporated community in Georgia, United States","Altamaha, Georgia",Georgia,unincorporated community
"Alvaton, Georgia","unincorporated community in Georgia, United States","Alvaton, Georgia",Georgia,unincorporated community
"Alvin, Georgia","unincorporated community in Georgia, United States","Alvin, Georgia",Georgia,unincorporated community
Amicalola,"unincorporated community in Georgia, United States","Amicalola, Georgia",Georgia,unincorporated community
"Amity, Georgia","unincorporated community in Georgia, United States","Amity, Georgia",Georgia,unincorporated community
"Amsterdam, Georgia","unincorporated community in Georgia, United States","Amsterdam, Georgia",Georgia,unincorporated community
Anna,"unincorporated community in Georgia, United States","Anna, Georgia",Georgia,unincorporated community
"Anniedelle, Georgia","unincorporated community in Georgia, United States","Anniedelle, Georgia",Georgia,unincorporated community
Antioch,"unincorporated community in Georgia, United States","Antioch, Polk County, Georgia",Georgia,unincorporated community
"Antioch, Troup County, Georgia","unincorporated community in Georgia, United States","Antioch, Troup County, Georgia",Georgia,unincorporated community
"Aonia, Georgia","unincorporated community in Georgia, United States","Aonia, Georgia",Georgia,unincorporated community
"Apalachee, Georgia","unincorporated community in Georgia, United States","Apalachee, Georgia",Georgia,unincorporated community
"Archery, Georgia","unincorporated community in Georgia, United States","Archery, Georgia",Georgia,unincorporated community
"Armuchee, Georgia","unincorporated community in Georgia, United States","Armuchee, Georgia",Georgia,unincorporated community
Arnco Mills,"unincorporated community in Georgia, United States","Arnco Mills, Georgia",Georgia,unincorporated community
"Arnold Mill, Georgia","unincorporated community in Georgia, United States","Arnold Mill, Georgia",Georgia,unincorporated community
"Arp, Georgia","unincorporated community in Georgia, United States","Arp, Georgia",Georgia,unincorporated community
"Ascalon, Georgia","unincorporated community in Georgia, United States","Ascalon, Georgia",Georgia,unincorporated community
"Ashton, Georgia","unincorporated community in Georgia, United States","Ashton, Georgia",Georgia,unincorporated community
"Aska, Georgia","unincorporated community in Georgia, United States","Aska, Georgia",Georgia,unincorporated community
Atco,"unincorporated community in Georgia, United States","Atco, Georgia",Georgia,unincorporated community
Audubon,"unincorporated community in Georgia, United States","Audubon, Georgia",Georgia,unincorporated community
"Ausmac, Georgia","unincorporated community in Georgia, United States","Ausmac, Georgia",Georgia,unincorporated community
"Autney, Georgia","unincorporated community in Georgia, United States","Autney, Georgia",Georgia,unincorporated community
"Autreyville, Georgia","unincorporated community in Georgia, United States","Autreyville, Georgia",Georgia,unincorporated community
Avondale,"unincorporated community in Georgia, United States","Avondale, Georgia",Georgia,unincorporated community
"Axson, Georgia","unincorporated community in Georgia, United States","Axson, Georgia",Georgia,unincorporated community
"Ayersville, Georgia","unincorporated community in Georgia, United States","Ayersville, Georgia",Georgia,unincorporated community
"Babcock, Georgia","unincorporated community in Georgia, United States","Babcock, Georgia",Georgia,unincorporated community
Bairdstown,"unincorporated community in Georgia, United States","Bairdstown, Georgia",Georgia,unincorporated community
"Baldwinville, Georgia","unincorporated community in Georgia, United States","Baldwinville, Georgia",Georgia,unincorporated community
"Banning, Georgia","unincorporated community in Georgia, United States","Banning, Georgia",Georgia,unincorporated community
Bannockburn,"unincorporated community in Georgia, United States","Bannockburn, Georgia",Georgia,unincorporated community
"Barbers, Georgia","unincorporated community in Georgia, United States","Barbers, Georgia",Georgia,unincorporated community
"Barney, Brooks County, Georgia","unincorporated community in Georgia, United States","Barney, Brooks County, Georgia",Georgia,unincorporated community
"Barney, Georgia","unincorporated community in Georgia, United States","Barney, Georgia",Georgia,unincorporated community
Barretts Mill,"unincorporated community in Georgia, United States","Barretts Mill, Georgia",Georgia,unincorporated community
Barrettsville,"unincorporated community in Georgia, United States","Barrettsville, Georgia",Georgia,unincorporated community
Barrons Lane,"unincorporated community in Georgia, United States","Barrons Lane, Georgia",Georgia,unincorporated community
Barrow Heights,"unincorporated community in Georgia, United States","Barrow Heights, Georgia",Georgia,unincorporated community
Bastonville,"unincorporated community in Georgia, United States","Bastonville, Georgia",Georgia,unincorporated community
"Batesville, Georgia","unincorporated community in Georgia, United States","Batesville, Georgia",Georgia,unincorporated community
"Bath, Georgia","unincorporated community in Georgia, United States","Bath, Georgia",Georgia,unincorporated community
"Baughville, Georgia","unincorporated community in Georgia, United States","Baughville, Georgia",Georgia,unincorporated community
Beachton,"unincorporated community in Georgia, United States","Beachton, Georgia",Georgia,unincorporated community
"Belfast, Georgia","unincorporated community in Georgia, United States","Belfast, Georgia",Georgia,unincorporated community
"Bellview, Georgia","unincorporated community in Georgia, United States","Bellview, Georgia",Georgia,unincorporated community
"Belmont, Georgia","unincorporated community in Georgia, United States","Belmont, Georgia",Georgia,unincorporated community
Belvedere Park,"unincorporated community in Georgia, United States","Belvedere Park, Georgia",Georgia,unincorporated community
"Benedict, Georgia","unincorporated community in Georgia, United States","Benedict, Georgia",Georgia,unincorporated community
"Benefit, Georgia","unincorporated community in Georgia, United States","Benefit, Georgia",Georgia,unincorporated community
"Berryton, Georgia","unincorporated community in Georgia, United States","Berryton, Georgia",Georgia,unincorporated community
Bethany,"unincorporated community in Georgia, United States","Bethany, Georgia",Georgia,unincorporated community
"Bethesda, Chatham County, Georgia","unincorporated community in Georgia, United States","Bethesda, Chatham County, Georgia",Georgia,unincorporated community
"Bethesda, Greene County, Georgia","unincorporated community in Georgia, United States","Bethesda, Greene County, Georgia",Georgia,unincorporated community
Beulah,"unincorporated community in Georgia, United States","Beulah, Georgia",Georgia,unincorporated community
"Beverly, Georgia","unincorporated community in Georgia, United States","Beverly, Georgia",Georgia,unincorporated community
Bibb City,"unincorporated community in Georgia, United States","Bibb City, Georgia",Georgia,unincorporated community
"Bickley, Georgia","unincorporated community in Georgia, United States","Bickley, Georgia",Georgia,unincorporated community
Big Canoe,"unincorporated community in Georgia, United States","Big Canoe, Georgia",Georgia,unincorporated community
"Bill Arp, Georgia","unincorporated community in Georgia, United States","Bill Arp, Georgia",Georgia,unincorporated community
"Birdie, Georgia","unincorporated community in Georgia, United States","Birdie, Georgia",Georgia,unincorporated community
Black Creek,"unincorporated community in Georgia, United States","Black Creek, Georgia",Georgia,unincorporated community
Blacksville,"unincorporated community in Georgia, United States","Blacksville, Georgia",Georgia,unincorporated community
Blackwood,"unincorporated community in Georgia, United States","Blackwood, Georgia",Georgia,unincorporated community
"Blaine, Georgia","unincorporated community in Georgia, United States","Blaine, Georgia",Georgia,unincorporated community
"Blitchton, Georgia","unincorporated community in Georgia, United States","Blitchton, Georgia",Georgia,unincorporated community
"Bobo, Georgia","unincorporated community in Georgia, United States","Bobo, Georgia",Georgia,unincorporated community
"Bold Springs, Georgia","unincorporated community in Georgia, United States","Bold Springs, Georgia",Georgia,unincorporated community
"Bolingbroke, Georgia","unincorporated community in Georgia, United States","Bolingbroke, Georgia",Georgia,unincorporated community
"Bolivar, Georgia","unincorporated community in Georgia, United States","Bolivar, Georgia",Georgia,unincorporated community
"Bonaire, Georgia","unincorporated community in Georgia, United States","Bonaire, Georgia",Georgia,unincorporated community
"Boneville, Georgia","unincorporated community in Georgia, United States","Boneville, Georgia",Georgia,unincorporated community
"Boozeville, Georgia","unincorporated community in Georgia, United States","Boozeville, Georgia",Georgia,unincorporated community
"Bowdon Junction, Georgia","unincorporated community in Georgia, United States","Bowdon Junction, Georgia",Georgia,unincorporated community
"Bowens Mill, Georgia","unincorporated community in Georgia, United States","Bowens Mill, Georgia",Georgia,unincorporated community
Box Springs,"unincorporated community in Georgia, United States","Box Springs, Georgia",Georgia,unincorporated community
"Boykin, Georgia","unincorporated community in Georgia, United States","Boykin, Georgia",Georgia,unincorporated community
Boynton,"unincorporated community in Georgia, United States","Boynton, Georgia",Georgia,unincorporated community
"Bradley, Georgia","unincorporated community in Georgia, United States","Bradley, Georgia",Georgia,unincorporated community
Branchville,"unincorporated community in Georgia, United States","Branchville, Georgia",Georgia,unincorporated community
"Brewton, Georgia","unincorporated community in Georgia, United States","Brewton, Georgia",Georgia,unincorporated community
"Bridgeboro, Georgia","unincorporated community in Georgia, United States","Bridgeboro, Georgia",Georgia,unincorporated community
Bristol,"unincorporated community in Georgia, United States","Bristol, Georgia",Georgia,unincorporated community
"Bronco, Georgia","unincorporated community in Georgia, United States","Bronco, Georgia",Georgia,unincorporated community
"Brookfield, Georgia","unincorporated community in Georgia, United States","Brookfield, Georgia",Georgia,unincorporated community
"Brookton, Georgia","unincorporated community in Georgia, United States","Brookton, Georgia",Georgia,unincorporated community
"Browns Crossing, Georgia","unincorporated community in Georgia, United States","Browns Crossing, Georgia",Georgia,unincorporated community
"Brownsville, Georgia","unincorporated community in Georgia, United States","Brownsville, Georgia",Georgia,unincorporated community
"Brownwood, Morgan County, Georgia","unincorporated community in Georgia, United States","Brownwood, Morgan County, Georgia",Georgia,unincorporated community
Budapest,"unincorporated community in Georgia, United States","Budapest, Georgia",Georgia,unincorporated community
Buffington,"unincorporated community in Georgia, United States","Buffington, Georgia",Georgia,unincorporated community
"Bullard, Georgia","unincorporated community in Georgia, United States","Bullard, Georgia",Georgia,unincorporated community
Burning Bush,"unincorporated community in Georgia, United States","Burning Bush, Georgia",Georgia,unincorporated community
"Burtsboro, Georgia","unincorporated community in Georgia, United States","Burtsboro, Georgia",Georgia,unincorporated community
"Bushnell, Georgia","unincorporated community in Georgia, United States","Bushnell, Georgia",Georgia,unincorporated community
"Butts, Georgia","unincorporated community in Georgia, United States","Butts, Georgia",Georgia,unincorporated community
Cadley,"unincorporated community in Georgia, United States","Cadley, Georgia",Georgia,unincorporated community
Calvary,"unincorporated community in Georgia, United States","Calvary, Georgia",Georgia,unincorporated community
Campbellton,"unincorporated community in Georgia, United States","Campbellton, Georgia",Georgia,unincorporated community
Campton,"unincorporated community in Georgia, United States","Campton, Georgia",Georgia,unincorporated community
"Candler, Georgia","unincorporated community in Georgia, United States","Candler, Georgia",Georgia,unincorporated community
Candler-McAfee,"unincorporated community in Georgia, United States","Candler-McAfee, Georgia",Georgia,unincorporated community
"Carey, Georgia","unincorporated community in Georgia, United States","Carey, Georgia",Georgia,unincorporated community
"Carrs Station, Georgia","unincorporated community in Georgia, United States","Carrs Station, Georgia",Georgia,unincorporated community
"Carters, Georgia","unincorporated community in Georgia, United States","Carters, Georgia",Georgia,unincorporated community
"Cary, Georgia","unincorporated community in Georgia, United States","Cary, Georgia",Georgia,unincorporated community
Cash,"unincorporated community in Georgia, United States","Cash, Georgia",Georgia,unincorporated community
"Cassandra, Georgia","unincorporated community in Georgia, United States","Cassandra, Georgia",Georgia,unincorporated community
Cassville,"unincorporated community in Georgia, United States","Cassville, Georgia",Georgia,unincorporated community
Cataula,"unincorporated community in Georgia, United States","Cataula, Georgia",Georgia,unincorporated community
"Catoosa Springs, Georgia","unincorporated community in Georgia, United States","Catoosa Springs, Georgia",Georgia,unincorporated community
"Cedar Grove, Georgia","unincorporated community in Georgia, United States","Cedar Grove, Walker County, Georgia",Georgia,unincorporated community
"Cedar Grove, Laurens County, Georgia","unincorporated community in Georgia, United States","Cedar Grove, Laurens County, Georgia",Georgia,unincorporated community
"Cenchat, Georgia","unincorporated community in Georgia, United States","Cenchat, Georgia",Georgia,unincorporated community
"Center Point, Georgia","unincorporated community in Georgia, United States","Center Point, Georgia",Georgia,unincorporated community
"Center Post, Georgia","unincorporated community in Georgia, United States","Center Post, Georgia",Georgia,unincorporated community
"Centerville, Elbert County, Georgia","unincorporated community in Georgia, United States","Centerville, Elbert County, Georgia",Georgia,unincorporated community
"Centerville, Gwinnett County, Georgia","unincorporated community in Georgia, United States","Centerville, Gwinnett County, Georgia",Georgia,unincorporated community
"Centerville, Talbot County, Georgia","unincorporated community in Georgia, United States","Centerville, Talbot County, Georgia",Georgia,unincorporated community
"Centerville, Wilkes County, Georgia","unincorporated community in Georgia, United States","Centerville, Wilkes County, Georgia",Georgia,unincorporated community
Ceres,"unincorporated community in Georgia, United States","Ceres, Georgia",Georgia,unincorporated community
"Chalybeate Springs, Georgia","unincorporated community in Georgia, United States","Chalybeate Springs, Georgia",Georgia,unincorporated community
"Chapel Hill, Georgia","unincorporated community in Georgia, United States","Chapel Hill, Georgia",Georgia,unincorporated community
"Charing, Georgia","unincorporated community in Georgia, United States","Charing, Georgia",Georgia,unincorporated community
Chattahoochee Plantation,"unincorporated community in Georgia, United States","Chattahoochee Plantation, Georgia",Georgia,unincorporated community
"Chattoogaville, Georgia","unincorporated community in Georgia, United States","Chattoogaville, Georgia",Georgia,unincorporated community
"Chelsea, Georgia","unincorporated community in Georgia, United States","Chelsea, Georgia",Georgia,unincorporated community
"Chennault, Georgia","unincorporated community in Georgia, United States","Chennault, Georgia",Georgia,unincorporated community
Chestatee,"unincorporated community in Georgia, United States","Chestatee, Georgia",Georgia,unincorporated community
"Chestnut Mountain, Georgia","unincorporated community in Georgia, United States","Chestnut Mountain, Georgia",Georgia,unincorporated community
"Chestnutflat, Georgia","unincorporated community in Georgia, United States","Chestnutflat, Georgia",Georgia,unincorporated community
"Chickasawhatchee, Georgia","unincorporated community in Georgia, United States","Chickasawhatchee, Georgia",Georgia,unincorporated community
"Chicopee, Georgia","unincorporated community in Georgia, United States","Chicopee, Georgia",Georgia,unincorporated community
"Choestoe, Georgia","unincorporated community in Georgia, United States","Choestoe, Georgia",Georgia,unincorporated community
Chubbtown,"unincorporated community in Georgia, United States","Chubbtown, Georgia",Georgia,unincorporated community
"Chula, Georgia","unincorporated community in Georgia, United States","Chula, Georgia",Georgia,unincorporated community
"Chulio, Georgia","unincorporated community in Georgia, United States","Chulio, Georgia",Georgia,unincorporated community
"Cisco, Georgia","unincorporated community in Georgia, United States","Cisco, Georgia",Georgia,unincorporated community
Clarkdale,"unincorporated community in Georgia, United States","Clarkdale, Georgia",Georgia,unincorporated community
"Clinchfield, Georgia","unincorporated community in Georgia, United States","Clinchfield, Georgia",Georgia,unincorporated community
"Clinton, Georgia","unincorporated community in Georgia, United States","Clinton, Georgia",Georgia,unincorporated community
"Cloudland, Georgia","unincorporated community in Georgia, United States","Cloudland, Georgia",Georgia,unincorporated community
Clyattville,"unincorporated community in Georgia, United States","Clyattville, Georgia",Georgia,unincorporated community
"Clyo, Georgia","unincorporated community in Georgia, United States","Clyo, Georgia",Georgia,unincorporated community
Coal Mountain,"unincorporated community in Georgia, United States","Coal Mountain, Georgia",Georgia,unincorporated community
Cobb,"unincorporated community in Georgia, United States","Cobb, Georgia",Georgia,unincorporated community
"Cobbham, Georgia","unincorporated community in Georgia, United States","Cobbham, Georgia",Georgia,unincorporated community
Coffee,"unincorporated community in Georgia, United States","Coffee, Georgia",Georgia,unincorporated community
"Coldwater, Georgia","unincorporated community in Georgia, United States","Coldwater, Georgia",Georgia,unincorporated community
"Colima, Georgia","unincorporated community in Georgia, United States","Colima, Georgia",Georgia,unincorporated community
"Colomokee, Georgia","unincorporated community in Georgia, United States","Colomokee, Georgia",Georgia,unincorporated community
"Coney, Georgia","unincorporated community in Georgia, United States","Coney, Georgia",Georgia,unincorporated community
"Cooksville, Georgia","unincorporated community in Georgia, United States","Cooksville, Georgia",Georgia,unincorporated community
"Cooper Heights, Georgia","unincorporated community in Georgia, United States","Cooper Heights, Georgia",Georgia,unincorporated community
"Coopers, Georgia","unincorporated community in Georgia, United States","Coopers, Georgia",Georgia,unincorporated community
"Cooperville, Georgia","unincorporated community in Georgia, United States","Cooperville, Georgia",Georgia,unincorporated community
"Coosa, Georgia","unincorporated community in Georgia, United States","Coosa, Georgia",Georgia,unincorporated community
"Corbin, Georgia","unincorporated community in Georgia, United States","Corbin, Georgia",Georgia,unincorporated community
Corinth,"unincorporated community in Georgia, United States","Corinth, Georgia",Georgia,unincorporated community
"Corinth, Walker County, Georgia","unincorporated community in Georgia, United States","Corinth, Walker County, Georgia",Georgia,unincorporated community
"Cork, Georgia","unincorporated community in Georgia, United States","Cork, Georgia",Georgia,unincorporated community
"Cotton, Georgia","unincorporated community in Georgia, United States","Cotton, Georgia",Georgia,unincorporated community
"Crandall, Georgia","unincorporated community in Georgia, United States","Crandall, Georgia",Georgia,unincorporated community
"Crane Eater, Georgia","unincorporated community in Georgia, United States","Crane Eater, Georgia",Georgia,unincorporated community
"Craytonia, Georgia","unincorporated community in Georgia, United States","Craytonia, Georgia",Georgia,unincorporated community
Crescent,"unincorporated community in Georgia, United States","Crescent, Georgia",Georgia,unincorporated community
"Crest, Georgia","unincorporated community in Georgia, United States","Crest, Georgia",Georgia,unincorporated community
Crestview,"unincorporated community in Georgia, United States","Crestview, Georgia",Georgia,unincorporated community
Cuba,"unincorporated community in Georgia, United States","Cuba, Georgia",Georgia,unincorporated community
Culverton,"unincorporated community in Georgia, United States","Culverton, Georgia",Georgia,unincorporated community
"Cumberland, Georgia","unincorporated community in Georgia, United States","Cumberland, Georgia",Georgia,unincorporated community
"Cunningham, Georgia","unincorporated community in Georgia, United States","Cunningham, Georgia",Georgia,unincorporated community
"Curryville, Georgia","unincorporated community in Georgia, United States","Curryville, Georgia",Georgia,unincorporated community
"Cyrene, Georgia","unincorporated community in Georgia, United States","Cyrene, Georgia",Georgia,unincorporated community
"Dakota, Georgia","unincorporated community in Georgia, United States","Dakota, Georgia",Georgia,unincorporated community
Damascus,"unincorporated community in Georgia, United States","Damascus, Gordon County, Georgia",Georgia,unincorporated community
"Danburg, Georgia","unincorporated community in Georgia, United States","Danburg, Georgia",Georgia,unincorporated community
"Daniel Springs, Georgia","unincorporated community in Georgia, United States","Daniel Springs, Georgia",Georgia,unincorporated community
"Davis Crossroads, Georgia","unincorporated community in Georgia, United States","Davis Crossroads, Georgia",Georgia,unincorporated community
"Decora, Georgia","unincorporated community in Georgia, United States","Decora, Georgia",Georgia,unincorporated community
"Delhi, Georgia","unincorporated community in Georgia, United States","Delhi, Georgia",Georgia,unincorporated community
"Dennis, Murray County, Georgia","unincorporated community in Georgia, United States","Dennis, Murray County, Georgia",Georgia,unincorporated community
"Dennis, Putnam County, Georgia","unincorporated community in Georgia, United States","Dennis, Putnam County, Georgia",Georgia,unincorporated community
"Devereux, Georgia","unincorporated community in Georgia, United States","Devereux, Georgia",Georgia,unincorporated community
DeWitt,"unincorporated community in Georgia, United States","DeWitt, Georgia",Georgia,unincorporated community
"Diamond, Georgia","unincorporated community in Georgia, United States","Diamond, Georgia",Georgia,unincorporated community
"Dickey, Georgia","unincorporated community in Georgia, United States","Dickey, Georgia",Georgia,unincorporated community
Dixie,"unincorporated community in Georgia, United States","Dixie, Brooks County, Georgia",Georgia,unincorporated community
Dixie,"unincorporated community in Georgia, United States","Dixie, Newton County, Georgia",Georgia,unincorporated community
"Dixie Union, Georgia","unincorporated community in Georgia, United States","Dixie Union, Georgia",Georgia,unincorporated community
"Dog Crossing, Georgia","unincorporated community in Georgia, United States","Dog Crossing, Georgia",Georgia,unincorporated community
Donald,"unincorporated community in Georgia, United States","Donald, Georgia",Georgia,unincorporated community
Donovan,"unincorporated community in Georgia, United States","Donovan, Georgia",Georgia,unincorporated community
"Double Heads, Georgia","unincorporated community in Georgia, United States","Double Heads, Georgia",Georgia,unincorporated community
Doublegate,"unincorporated community in Georgia, United States","Doublegate, Georgia",Georgia,unincorporated community
"Dougherty, Georgia","unincorporated community in Georgia, United States","Dougherty, Georgia",Georgia,unincorporated community
"Dover, Georgia","unincorporated community in Georgia, United States","Dover, Georgia",Georgia,unincorporated community
"Doverel, Georgia","unincorporated community in Georgia, United States","Doverel, Georgia",Georgia,unincorporated community
"Draketown, Georgia","unincorporated community in Georgia, United States","Draketown, Georgia",Georgia,unincorporated community
"Drayton, Georgia","unincorporated community in Georgia, United States","Drayton, Georgia",Georgia,unincorporated community
"Drone, Georgia","unincorporated community in Georgia, United States","Drone, Georgia",Georgia,unincorporated community
"Dry Branch, Georgia","unincorporated community in Georgia, United States","Dry Branch, Georgia",Georgia,unincorporated community
"Dunbar, Georgia","unincorporated community in Georgia, United States","Dunbar, Georgia",Georgia,unincorporated community
Durand,"unincorporated community in Georgia, United States","Durand, Georgia",Georgia,unincorporated community
"Durham, Georgia","unincorporated community in Georgia, United States","Durham, Georgia",Georgia,unincorporated community
"Eagle Cliff, Georgia","unincorporated community in Georgia, United States","Eagle Cliff, Georgia",Georgia,unincorporated community
"East Armuchee, Georgia","unincorporated community in Georgia, United States","East Armuchee, Georgia",Georgia,unincorporated community
East Cobb,"unincorporated community in Georgia, United States","East Cobb, Georgia",Georgia,unincorporated community
"East Macon, Georgia","unincorporated community in Georgia, United States","East Macon, Georgia",Georgia,unincorporated community
Eastanollee,"unincorporated community in Georgia, United States","Eastanollee, Georgia",Georgia,unincorporated community
"Eastville, Georgia","unincorporated community in Georgia, United States","Eastville, Georgia",Georgia,unincorporated community
"Echeconnee, Georgia","unincorporated community in Georgia, United States","Echeconnee, Georgia",Georgia,unincorporated community
"Edith, Georgia","unincorporated community in Georgia, United States","Edith, Georgia",Georgia,unincorporated community
"Elberta, Georgia","unincorporated community in Georgia, United States","Elberta, Georgia",Georgia,unincorporated community
"Elder, Georgia","unincorporated community in Georgia, United States","Elder, Georgia",Georgia,unincorporated community
Eldorendo,"unincorporated community in Georgia, United States","Eldorendo, Georgia",Georgia,unincorporated community
"Elizabeth, Georgia","unincorporated community in Georgia, United States","Elizabeth, Georgia",Georgia,unincorporated community
"Elko, Georgia","unincorporated community in Georgia, United States","Elko, Georgia",Georgia,unincorporated community
Ellabell,"unincorporated community in Georgia, United States","Ellabell, Georgia",Georgia,unincorporated community
Ellenwood,"unincorporated community in Georgia, United States","Ellenwood, Georgia",Georgia,unincorporated community
"Ellerslie, Georgia","unincorporated community in Georgia, United States","Ellerslie, Georgia",Georgia,unincorporated community
Elmodel,"unincorporated community in Georgia, United States","Elmodel, Georgia",Georgia,unincorporated community
Embry Hills,"unincorporated community in Georgia, United States","Embry Hills, Georgia",Georgia,unincorporated community
"Empress, Georgia","unincorporated community in Georgia, United States","Empress, Georgia",Georgia,unincorporated community
Epworth,"unincorporated community in Georgia, United States","Epworth, Georgia",Georgia,unincorporated community
"Esom Hill, Georgia","unincorporated community in Georgia, United States","Esom Hill, Georgia",Georgia,unincorporated community
"Estelle, Georgia","unincorporated community in Georgia, United States","Estelle, Georgia",Georgia,unincorporated community
Etna,"unincorporated community in Georgia, United States","Etna, Georgia",Georgia,unincorporated community
Eulonia,"unincorporated community in Georgia, United States","Eulonia, Georgia",Georgia,unincorporated community
"Everett Springs, Georgia","unincorporated community in Georgia, United States","Everett Springs, Georgia",Georgia,unincorporated community
"Everett, Georgia","unincorporated community in Georgia, United States","Everett, Georgia",Georgia,unincorporated community
Faceville,"unincorporated community in Georgia, United States","Faceville, Georgia",Georgia,unincorporated community
"Fairplay, Douglas County, Georgia","unincorporated community in Georgia, United States","Fairplay, Douglas County, Georgia",Georgia,unincorporated community
"Farmersville, Georgia","unincorporated community in Georgia, United States","Farmersville, Georgia",Georgia,unincorporated community
Farmington,"unincorporated community in Georgia, United States","Farmington, Georgia",Georgia,unincorporated community
Farmville,"unincorporated community in Georgia, United States","Farmville, Georgia",Georgia,unincorporated community
"Farrar, Georgia","unincorporated community in Georgia, United States","Farrar, Georgia",Georgia,unincorporated community
"Felton, Georgia","unincorporated community in Georgia, United States","Felton, Georgia",Georgia,unincorporated community
"Fickling Mill, Georgia","unincorporated community in Georgia, United States","Fickling Mill, Georgia",Georgia,unincorporated community
"Fidelle, Georgia","unincorporated community in Georgia, United States","Fidelle, Georgia",Georgia,unincorporated community
"Fincherville, Georgia","unincorporated community in Georgia, United States","Fincherville, Georgia",Georgia,unincorporated community
"Findlay, Georgia","unincorporated community in Georgia, United States","Findlay, Georgia",Georgia,unincorporated community
"Fish Creek, Georgia","unincorporated community in Georgia, United States","Fish Creek, Georgia",Georgia,unincorporated community
"Fitzpatrick, Georgia","unincorporated community in Georgia, United States","Fitzpatrick, Georgia",Georgia,unincorporated community
"Five Forks, Gwinnett County, Georgia","unincorporated community in Georgia, United States","Five Forks, Gwinnett County, Georgia",Georgia,unincorporated community
"Flat Rock, Georgia","unincorporated community in Georgia, United States","Flat Rock, Georgia",Georgia,unincorporated community
"Fleming, Georgia","unincorporated community in Georgia, United States","Fleming, Georgia",Georgia,unincorporated community
Flint,"unincorporated community in Georgia, United States","Flint, Georgia",Georgia,unincorporated community
"Flint Hill, Georgia","unincorporated community in Georgia, United States","Flint Hill, Georgia",Georgia,unincorporated community
"Flintstone, Georgia","unincorporated community in Georgia, United States","Flintstone, Georgia",Georgia,unincorporated community
Flippen,"unincorporated community in Georgia, United States","Flippen, Georgia",Georgia,unincorporated community
"Folsom, Georgia","unincorporated community in Georgia, United States","Folsom, Georgia",Georgia,unincorporated community
Fort Mudge,"unincorporated community in Georgia, United States","Fort Mudge, Georgia",Georgia,unincorporated community
"Foster Mills, Georgia","unincorporated community in Georgia, United States","Foster Mills, Georgia",Georgia,unincorporated community
"Fouche, Georgia","unincorporated community in Georgia, United States","Fouche, Georgia",Georgia,unincorporated community
Fountainville,"unincorporated community in Georgia, United States","Fountainville, Georgia",Georgia,unincorporated community
Fouts Mill,"unincorporated community in Georgia, United States","Fouts Mill, Georgia",Georgia,unincorporated community
"Fowlstown, Georgia","unincorporated community in Georgia, United States","Fowlstown, Georgia",Georgia,unincorporated community
Franklinton,"unincorporated community in Georgia, United States","Franklinton, Georgia",Georgia,unincorporated community
"Frazier, Georgia","unincorporated community in Georgia, United States","Frazier, Georgia",Georgia,unincorporated community
Free Home,"unincorporated community in Georgia, United States","Free Home, Georgia",Georgia,unincorporated community
"Freeman, Georgia","unincorporated community in Georgia, United States","Freeman, Georgia",Georgia,unincorporated community
Fruitland,"unincorporated community in Georgia, United States","Fruitland, Georgia",Georgia,unincorporated community
"Funkhouser, Georgia","unincorporated community in Georgia, United States","Funkhouser, Georgia",Georgia,unincorporated community
"Gardi, Georgia","unincorporated community in Georgia, United States","Gardi, Georgia",Georgia,unincorporated community
Glenloch,"unincorporated community in Georgia, United States","Glenloch, Georgia",Georgia,unincorporated community
"Glenn, Georgia","unincorporated community in Georgia, United States","Glenn, Georgia",Georgia,unincorporated community
"Glenwood, Floyd County, Georgia","unincorporated community in Georgia, United States","Glenwood, Floyd County, Georgia",Georgia,unincorporated community
"Glory, Georgia","unincorporated community in Georgia, United States","Glory, Georgia",Georgia,unincorporated community
"Gloster, Georgia","unincorporated community in Georgia, United States","Gloster, Georgia",Georgia,unincorporated community
"Goat Town, Georgia","unincorporated community in Georgia, United States","Goat Town, Georgia",Georgia,unincorporated community
"Godfrey, Georgia","unincorporated community in Georgia, United States","Godfrey, Georgia",Georgia,unincorporated community
"Gold Ridge, Georgia","unincorporated community in Georgia, United States","Gold Ridge, Georgia",Georgia,unincorporated community
Goose Island,"unincorporated community in Georgia, United States","Goose Island, Georgia",Georgia,unincorporated community
"Gore, Georgia","unincorporated community in Georgia, United States","Gore, Georgia",Georgia,unincorporated community
"Gough, Georgia","unincorporated community in Georgia, United States","Gough, Georgia",Georgia,unincorporated community
"Gratis, Georgia","unincorporated community in Georgia, United States","Gratis, Georgia",Georgia,unincorporated community
"Graves, Georgia","unincorporated community in Georgia, United States","Graves, Georgia",Georgia,unincorporated community
"Graysville, Georgia","unincorporated community in Georgia, United States","Graysville, Georgia",Georgia,unincorporated community
Greenough,"unincorporated community in Georgia, United States","Greenough, Georgia",Georgia,unincorporated community
Greenwood,"unincorporated community in Georgia, United States","Greenwood, Georgia",Georgia,unincorporated community
"Greshamville, Georgia","unincorporated community in Georgia, United States","Greshamville, Georgia",Georgia,unincorporated community
"Griswoldville, Georgia","unincorporated community in Georgia, United States","Griswoldville, Georgia",Georgia,unincorporated community
Grooverville,"unincorporated community in Georgia, United States","Grooverville, Georgia",Georgia,unincorporated community
"Grovania, Georgia","unincorporated community in Georgia, United States","Grovania, Georgia",Georgia,unincorporated community
"Habersham, Georgia","unincorporated community in Georgia, United States","Habersham, Georgia",Georgia,unincorporated community
Haddock,"unincorporated community in Georgia, United States","Haddock, Georgia",Georgia,unincorporated community
"Halcyondale, Georgia","unincorporated community in Georgia, United States","Halcyondale, Georgia",Georgia,unincorporated community
"Halls, Georgia","unincorporated community in Georgia, United States","Halls, Georgia",Georgia,unincorporated community
"Handy, Georgia","unincorporated community in Georgia, United States","Handy, Georgia",Georgia,unincorporated community
Hannah,"unincorporated community in Georgia, United States","Hannah, Georgia",Georgia,unincorporated community
"Hard Cash, Georgia","unincorporated community in Georgia, United States","Hard Cash, Georgia",Georgia,unincorporated community
Hard-Up,"unincorporated community in Georgia, United States","Hardup, Georgia",Georgia,unincorporated community
"Harris City, Georgia","unincorporated community in Georgia, United States","Harris City, Georgia",Georgia,unincorporated community
Hartford,"unincorporated community in Georgia, United States","Hartford, Georgia",Georgia,unincorporated community
"Hartsfield, Georgia","unincorporated community in Georgia, United States","Hartsfield, Georgia",Georgia,unincorporated community
"Hasslers Mill, Georgia","unincorporated community in Georgia, United States","Hasslers Mill, Georgia",Georgia,unincorporated community
"Hatley, Georgia","unincorporated community in Georgia, United States","Hatley, Georgia",Georgia,unincorporated community
"Hayneville, Georgia","unincorporated community in Georgia, United States","Hayneville, Georgia",Georgia,unincorporated community
"Heardmont, Georgia","unincorporated community in Georgia, United States","Heardmont, Georgia",Georgia,unincorporated community
"Hemp, Georgia","unincorporated community in Georgia, United States","Hemp, Georgia",Georgia,unincorporated community
"Henderson, Houston County, Georgia","unincorporated community in Georgia, United States","Henderson, Houston County, Georgia",Georgia,unincorporated community
"Hentown, Georgia","unincorporated community in Georgia, United States","Hentown, Georgia",Georgia,unincorporated community
Hickory Flat,"unincorporated community in Georgia, United States","Hickory Flat, Georgia",Georgia,unincorporated community
"Hickory Level, Georgia","unincorporated community in Georgia, United States","Hickory Level, Georgia",Georgia,unincorporated community
"High Point, Georgia","unincorporated community in Georgia, United States","High Point, Georgia",Georgia,unincorporated community
"Hillman, Georgia","unincorporated community in Georgia, United States","Hillman, Georgia",Georgia,unincorporated community
"Hillsboro, Georgia","unincorporated community in Georgia, United States","Hillsboro, Georgia",Georgia,unincorporated community
"Hilton, Georgia","unincorporated community in Georgia, United States","Hilton, Georgia",Georgia,unincorporated community
"Hinkles, Georgia","unincorporated community in Georgia, United States","Hinkles, Georgia",Georgia,unincorporated community
"Hinsonton, Georgia","unincorporated community in Georgia, United States","Hinsonton, Georgia",Georgia,unincorporated community
"Hix, Georgia","unincorporated community in Georgia, United States","Hix, Georgia",Georgia,unincorporated community
"Holland, Georgia","unincorporated community in Georgia, United States","Holland, Georgia",Georgia,unincorporated community
"Holley, Georgia","unincorporated community in Georgia, United States","Holley, Georgia",Georgia,unincorporated community
Hollingsworth,"unincorporated community in Georgia, United States","Hollingsworth, Georgia",Georgia,unincorporated community
"Hollonville, Georgia","unincorporated community in Georgia, United States","Hollonville, Georgia",Georgia,unincorporated community
"Hollywood, Georgia","unincorporated community in Georgia, United States","Hollywood, Georgia",Georgia,unincorporated community
"Holmesville, Georgia","unincorporated community in Georgia, United States","Holmesville, Georgia",Georgia,unincorporated community
"Hopeful, Georgia","unincorporated community in Georgia, United States","Hopeful, Georgia",Georgia,unincorporated community
Hopeulikit,"unincorporated community in Georgia, United States","Hopeulikit, Georgia",Georgia,unincorporated community
Hopewell,"unincorporated community in Georgia, United States","Hopewell, Fulton County, Georgia",Georgia,unincorporated community
"Hopewell, Camden County, Georgia","unincorporated community in Georgia, United States","Hopewell, Camden County, Georgia",Georgia,unincorporated community
"Hopewell, Harris County, Georgia","unincorporated community in Georgia, United States","Hopewell, Harris County, Georgia",Georgia,unincorporated community
Hortense,"unincorporated community in Georgia, United States","Hortense, Georgia",Georgia,unincorporated community
"Huber, Georgia","unincorporated community in Georgia, United States","Huber, Georgia",Georgia,unincorporated community
"Hutchins, Georgia","unincorporated community in Georgia, United States","Hutchins, Georgia",Georgia,unincorporated community
"Irwinville, Georgia","unincorporated community in Georgia, United States","Irwinville, Georgia",Georgia,unincorporated community
"Isabella, Georgia","unincorporated community in Georgia, United States","Isabella, Georgia",Georgia,unincorporated community
Ivy Log,"unincorporated community in Georgia, United States","Ivy Log, Georgia",Georgia,unincorporated community
Jewell,"unincorporated community in Georgia, United States","Jewell, Georgia",Georgia,unincorporated community
Jewtown,"unincorporated community in Georgia, United States","Jewtown, Georgia",Georgia,unincorporated community
"Joel, Georgia","unincorporated community in Georgia, United States","Joel, Georgia",Georgia,unincorporated community
Jot Em Down Store,"unincorporated community in Georgia, United States","Jot Em Down Store, Georgia",Georgia,unincorporated community
Juliette,"unincorporated community in Georgia, United States","Juliette, Georgia",Georgia,unincorporated community
Juniper,"unincorporated community in Georgia, United States","Juniper, Georgia",Georgia,unincorporated community
Juno,"unincorporated community in Georgia, United States","Juno, Georgia",Georgia,unincorporated community
"Kansas, Georgia","unincorporated community in Georgia, United States","Kansas, Georgia",Georgia,unincorporated community
Kathleen,"unincorporated community in Georgia, United States","Kathleen, Georgia",Georgia,unincorporated community
"Keith, Georgia","unincorporated community in Georgia, United States","Keith, Georgia",Georgia,unincorporated community
Keithsburg,"unincorporated community in Georgia, United States","Keithsburg, Georgia",Georgia,unincorporated community
Keller,"unincorporated community in Georgia, United States","Keller, Georgia",Georgia,unincorporated community
Kelleytown,"unincorporated community in Georgia, United States","Kelleytown, Georgia",Georgia,unincorporated community
"Kensington, Georgia","unincorporated community in Georgia, United States","Kensington, Georgia",Georgia,unincorporated community
"Kenwood, Fayette County, Georgia","unincorporated community in Georgia, United States","Kenwood, Fayette County, Georgia",Georgia,unincorporated community
"Killarney, Georgia","unincorporated community in Georgia, United States","Killarney, Georgia",Georgia,unincorporated community
Kirkland,"unincorporated community in Georgia, United States","Kirkland, Georgia",Georgia,unincorporated community
"Klondike, Hall County, Georgia","unincorporated community in Georgia, United States","Klondike, Hall County, Georgia",Georgia,unincorporated community
Knoxville,"unincorporated community in Georgia, United States","Knoxville, Georgia",Georgia,unincorporated community
La Crosse,"unincorporated community in Georgia, United States","La Crosse, Georgia",Georgia,unincorporated community
"Ladds, Georgia","unincorporated community in Georgia, United States","Ladds, Georgia",Georgia,unincorporated community
Lake Arrowhead,"unincorporated community in Georgia, United States","Lake Arrowhead, Georgia",Georgia,unincorporated community
"Lakemont, Georgia","unincorporated community in Georgia, United States","Lakemont, Georgia",Georgia,unincorporated community
Laney,"unincorporated community in Georgia, United States","Laney, Georgia",Georgia,unincorporated community
"Lanier, Georgia","unincorporated community in Georgia, United States","Lanier, Georgia",Georgia,unincorporated community
"Laurens Hill, Georgia","unincorporated community in Georgia, United States","Laurens Hill, Georgia",Georgia,unincorporated community
"Lavender, Georgia","unincorporated community in Georgia, United States","Lavender, Georgia",Georgia,unincorporated community
"Leaf, Georgia","unincorporated community in Georgia, United States","Leaf, Georgia",Georgia,unincorporated community
Lester,"unincorporated community in Georgia, United States","Lester, Georgia",Georgia,unincorporated community
"Lewis Corner, Georgia","unincorporated community in Georgia, United States","Lewis Corner, Georgia",Georgia,unincorporated community
"Lily Pond, Georgia","unincorporated community in Georgia, United States","Lily Pond, Georgia",Georgia,unincorporated community
Lindale,"unincorporated community in Georgia, United States","Lindale, Georgia",Georgia,unincorporated community
"Linton, Georgia","unincorporated community in Georgia, United States","Linton, Georgia",Georgia,unincorporated community
Lithia Springs,"unincorporated community in Georgia, United States","Lithia Springs, Georgia",Georgia,unincorporated community
Livingston,"unincorporated community in Georgia, United States","Livingston, Georgia",Georgia,unincorporated community
Lizella,"unincorporated community in Georgia, United States","Lizella, Georgia",Georgia,unincorporated community
Lothair,"unincorporated community in Georgia, United States","Lothair, Georgia",Georgia,unincorporated community
"Louvale, Georgia","unincorporated community in Georgia, United States","Louvale, Georgia",Georgia,unincorporated community
"Lovett, Georgia","unincorporated community in Georgia, United States","Lovett, Georgia",Georgia,unincorporated community
"Lucile, Georgia","unincorporated community in Georgia, United States","Lucile, Georgia",Georgia,unincorporated community
"Luxomni, Georgia","unincorporated community in Georgia, United States","Luxomni, Georgia",Georgia,unincorporated community
"Lytle, Georgia","unincorporated community in Georgia, United States","Lytle, Georgia",Georgia,unincorporated community
Macedonia,"unincorporated community in Georgia, United States","Macedonia, Georgia",Georgia,unincorporated community
"Madras, Georgia","unincorporated community in Georgia, United States","Madras, Georgia",Georgia,unincorporated community
"Manor, Georgia","unincorporated community in Georgia, United States","Manor, Georgia",Georgia,unincorporated community
Marble Spring,"unincorporated community in Georgia, United States",Marble Spring,Georgia,unincorporated community
"Marblehill, Georgia","unincorporated community in Georgia, United States","Marblehill, Georgia",Georgia,unincorporated community
"Marion, Georgia","unincorporated community in Georgia, United States","Marion, Georgia",Georgia,unincorporated community
Matt,"unincorporated community in Georgia, United States","Matt, Georgia",Georgia,unincorporated community
Matthews,"unincorporated community in Georgia, United States","Matthews, Georgia",Georgia,unincorporated community
Mauk,"unincorporated community in Georgia, United States","Mauk, Georgia",Georgia,unincorporated community
Mayfield,"unincorporated community in Georgia, United States","Mayfield, Georgia",Georgia,unincorporated community
"Mayhaw, Georgia","unincorporated community in Georgia, United States","Mayhaw, Georgia",Georgia,unincorporated community
"McDaniels, Georgia","unincorporated community in Georgia, United States","McDaniels, Georgia",Georgia,unincorporated community
McWhorter,"unincorporated community in Georgia, United States","McWhorter, Georgia",Georgia,unincorporated community
"Mechanicsville, Gwinnett County, Georgia","unincorporated community in Georgia, United States","Mechanicsville, Gwinnett County, Georgia",Georgia,unincorporated community
"Meeks, Georgia","unincorporated community in Georgia, United States","Meeks, Georgia",Georgia,unincorporated community
Meldrim,"unincorporated community in Georgia, United States","Meldrim, Georgia",Georgia,unincorporated community
Mendes,"unincorporated community in Georgia, United States","Mendes, Georgia",Georgia,unincorporated community
"Meridian, Georgia","unincorporated community in Georgia, United States","Meridian, Georgia",Georgia,unincorporated community
Meriwether,"unincorporated community in Georgia, United States","Meriwether, Georgia",Georgia,unincorporated community
Mershon,"unincorporated community in Georgia, United States","Mershon, Georgia",Georgia,unincorporated community
Mesena,"unincorporated community in Georgia, United States","Mesena, Georgia",Georgia,unincorporated community
Metcalfe,"unincorporated community in Georgia, United States","Metcalfe, Georgia",Georgia,unincorporated community
Milford,"unincorporated community in Georgia, United States","Milford, Georgia",Georgia,unincorporated community
"Millhaven, Georgia","unincorporated community in Georgia, United States","Millhaven, Georgia",Georgia,unincorporated community
"Millwood, Georgia","unincorporated community in Georgia, United States","Millwood, Georgia",Georgia,unincorporated community
Mineral Bluff,"unincorporated community in Georgia, United States","Mineral Bluff, Georgia",Georgia,unincorporated community
Moniac,"unincorporated community in Georgia, United States","Moniac, Georgia",Georgia,unincorporated community
"Montevideo, Georgia","unincorporated community in Georgia, United States","Montevideo, Georgia",Georgia,unincorporated community
Morris,"unincorporated community in Georgia, United States","Morris, Georgia",Georgia,unincorporated community
"Mossy Creek, Georgia","unincorporated community in Georgia, United States","Mossy Creek, Georgia",Georgia,unincorporated community
Mount Berry,"unincorporated community in Georgia, United States","Mount Berry, Georgia",Georgia,unincorporated community
"Mount Pisgah, Georgia","unincorporated community in Georgia, United States","Mount Pisgah, Georgia",Georgia,unincorporated community
"Mount Vernon, Whitfield County, Georgia","unincorporated community in Georgia, United States","Mount Vernon, Whitfield County, Georgia",Georgia,unincorporated community
Mountain View,"unincorporated community in Georgia, United States","Mountain View, Georgia",Georgia,unincorporated community
"Mulberry, Georgia","unincorporated community in Georgia, United States","Mulberry, Georgia",Georgia,unincorporated community
"Murrays Crossroads, Georgia","unincorporated community in Georgia, United States","Murrays Crossroads, Georgia",Georgia,unincorporated community
"Murrayville, Georgia","unincorporated community in Georgia, United States","Murrayville, Georgia",Georgia,unincorporated community
Musella,"unincorporated community in Georgia, United States","Musella, Georgia",Georgia,unincorporated community
"Mystic, Georgia","unincorporated community in Georgia, United States","Mystic, Georgia",Georgia,unincorporated community
"Nameless, Georgia","unincorporated community in Georgia, United States","Nameless, Georgia",Georgia,unincorporated community
"Naomi, Georgia","unincorporated community in Georgia, United States","Naomi, Georgia",Georgia,unincorporated community
Narrows,"unincorporated community in Georgia, United States","Narrows, Georgia",Georgia,unincorporated community
Naylor,"unincorporated community in Georgia, United States","Naylor, Georgia",Georgia,unincorporated community
"Nebo, Georgia","unincorporated community in Georgia, United States","Nebo, Georgia",Georgia,unincorporated community
"New England, Georgia","unincorporated community in Georgia, United States","New England, Georgia",Georgia,unincorporated community
"New Holland, Georgia","unincorporated community in Georgia, United States","New Holland, Georgia",Georgia,unincorporated community
New Hope,"unincorporated community in Georgia, United States","New Hope, Paulding County, Georgia",Georgia,unincorporated community
"New Hope, Early County, Georgia","unincorporated community in Georgia, United States","New Hope, Early County, Georgia",Georgia,unincorporated community
"New Switzerland, Georgia","unincorporated community in Georgia, United States","New Switzerland, Georgia",Georgia,unincorporated community
New Town,"unincorporated community in Georgia, United States","New Town, Georgia",Georgia,unincorporated community
"Newnan Springs, Georgia","unincorporated community in Georgia, United States","Newnan Springs, Georgia",Georgia,unincorporated community
"Neyami, Georgia","unincorporated community in Georgia, United States","Neyami, Georgia",Georgia,unincorporated community
"Nickelsville, Georgia","unincorporated community in Georgia, United States","Nickelsville, Georgia",Georgia,unincorporated community
Noonday,"unincorporated community in Georgia, United States","Noonday, Georgia",Georgia,unincorporated community
"Norristown, Georgia","unincorporated community in Georgia, United States","Norristown, Georgia",Georgia,unincorporated community
North Druid Hills,"unincorporated community in Georgia, United States","North Druid Hills, Georgia",Georgia,unincorporated community
Northlake,"unincorporated community in Georgia, United States","Northlake, Georgia",Georgia,unincorporated community
"Oak Grove, Georgia","unincorporated community in Georgia, United States","Oak Grove, Georgia",Georgia,unincorporated community
"Oakfield, Georgia","unincorporated community in Georgia, United States","Oakfield, Georgia",Georgia,unincorporated community
"Oakman, Georgia","unincorporated community in Georgia, United States","Oakman, Georgia",Georgia,unincorporated community
"Odessadale, Georgia","unincorporated community in Georgia, United States","Odessadale, Georgia",Georgia,unincorporated community
Oketeyeconne,"unincorporated community in Georgia, United States","Oketeyeconne, Georgia",Georgia,unincorporated community
Ola,"unincorporated community in Georgia, United States","Ola, Georgia",Georgia,unincorporated community
"Old Damascus, Georgia","unincorporated community in Georgia, United States","Old Damascus, Georgia",Georgia,unincorporated community
Omaha,"unincorporated community in Georgia, United States","Omaha, Georgia",Georgia,unincorporated community
"Oostanaula, Georgia","unincorporated community in Georgia, United States","Oostanaula, Georgia",Georgia,unincorporated community
Otter Creek,"unincorporated community in Georgia, United States","Otter Creek, Georgia",Georgia,unincorporated community
"Palmetto, Oglethorpe County, Georgia","unincorporated community in Georgia, United States","Palmetto, Oglethorpe County, Georgia",Georgia,unincorporated community
"Pannell, Georgia","unincorporated community in Georgia, United States","Pannell, Georgia",Georgia,unincorporated community
"Paoli, Georgia","unincorporated community in Georgia, United States","Paoli, Georgia",Georgia,unincorporated community
"Parkertown, Georgia","unincorporated community in Georgia, United States","Parkertown, Georgia",Georgia,unincorporated community
"Pateville, Georgia","unincorporated community in Georgia, United States","Pateville, Georgia",Georgia,unincorporated community
"Patmos, Georgia","unincorporated community in Georgia, United States","Patmos, Georgia",Georgia,unincorporated community
"Pebble City, Georgia","unincorporated community in Georgia, United States","Pebble City, Georgia",Georgia,unincorporated community
"Pecan City, Georgia","unincorporated community in Georgia, United States","Pecan City, Georgia",Georgia,unincorporated community
"Peeksville, Georgia","unincorporated community in Georgia, United States","Peeksville, Georgia",Georgia,unincorporated community
"Penfield, Georgia","unincorporated community in Georgia, United States","Penfield, Georgia",Georgia,unincorporated community
"Penia, Georgia","unincorporated community in Georgia, United States","Penia, Georgia",Georgia,unincorporated community
"Pennington, Georgia","unincorporated community in Georgia, United States","Pennington, Georgia",Georgia,unincorporated community
"Pennville, Georgia","unincorporated community in Georgia, United States","Pennville, Georgia",Georgia,unincorporated community
"Pepperton, Georgia","unincorporated community in Georgia, United States","Pepperton, Georgia",Georgia,unincorporated community
"Percale, Georgia","unincorporated community in Georgia, United States","Percale, Georgia",Georgia,unincorporated community
Perkins,"unincorporated community in Georgia, United States","Perkins, Georgia",Georgia,unincorporated community
"Persimmon, Georgia","unincorporated community in Georgia, United States","Persimmon, Georgia",Georgia,unincorporated community
Petersburg,"unincorporated community in Georgia, United States","Petersburg, Gordon County, Georgia",Georgia,unincorporated community
"Petty, Georgia","unincorporated community in Georgia, United States","Petty, Georgia",Georgia,unincorporated community
"Philema, Georgia","unincorporated community in Georgia, United States","Philema, Georgia",Georgia,unincorporated community
"Philomath, Georgia","unincorporated community in Georgia, United States","Philomath, Georgia",Georgia,unincorporated community
"Phoenix, Georgia","unincorporated community in Georgia, United States","Phoenix, Georgia",Georgia,unincorporated community
Pidcock,"unincorporated community in Georgia, United States","Pidcock, Georgia",Georgia,unincorporated community
Pin Point,"unincorporated community in Georgia, United States","Pin Point, Georgia",Georgia,unincorporated community
"Pine Mountain Valley, Georgia","unincorporated community in Georgia, United States","Pine Mountain Valley, Georgia",Georgia,unincorporated community
"Pine Mountain, Rabun County, Georgia","unincorporated community in Georgia, United States","Pine Mountain, Rabun County, Georgia",Georgia,unincorporated community
"Piney Grove, Georgia","unincorporated community in Georgia, United States","Piney Grove, Georgia",Georgia,unincorporated community
"Pittsburg, DeKalb County, Georgia","unincorporated community in Georgia, United States","Pittsburg, DeKalb County, Georgia",Georgia,unincorporated community
"Pittsburg, Walker County, Georgia","unincorporated community in Georgia, United States","Pittsburg, Walker County, Georgia",Georgia,unincorporated community
"Plainfield, Georgia","unincorporated community in Georgia, United States","Plainfield, Georgia",Georgia,unincorporated community
Plainview,"unincorporated community in Georgia, United States","Plainview, Georgia",Georgia,unincorporated community
"Planter, Georgia","unincorporated community in Georgia, United States","Planter, Georgia",Georgia,unincorporated community
"Pleasant Grove, Georgia","unincorporated community in Georgia, United States","Pleasant Grove, Georgia",Georgia,unincorporated community
"Pocataligo, Georgia","unincorporated community in Georgia, United States","Pocataligo, Georgia",Georgia,unincorporated community
"Poetry, Georgia","unincorporated community in Georgia, United States","Poetry, Georgia",Georgia,unincorporated community
"Point Peter, Georgia","unincorporated community in Georgia, United States","Point Peter, Georgia",Georgia,unincorporated community
"Poplar Springs, Georgia","unincorporated community in Georgia, United States","Poplar Springs, Georgia",Georgia,unincorporated community
"Portland, Georgia","unincorporated community in Georgia, United States","Portland, Georgia",Georgia,unincorporated community
"Powelton, Georgia","unincorporated community in Georgia, United States","Powelton, Georgia",Georgia,unincorporated community
"Powers Park, Georgia","unincorporated community in Georgia, United States","Powers Park, Georgia",Georgia,unincorporated community
Preston,"unincorporated community in Georgia, United States","Preston, Georgia",Georgia,unincorporated community
Pretoria,"unincorporated community in Georgia, United States","Pretoria, Georgia",Georgia,unincorporated community
"Primrose, Georgia","unincorporated community in Georgia, United States","Primrose, Georgia",Georgia,unincorporated community
"Prospect, Georgia","unincorporated community in Georgia, United States","Prospect, Georgia",Georgia,unincorporated community
"Protection, Georgia","unincorporated community in Georgia, United States","Protection, Georgia",Georgia,unincorporated community
"Providence Ferry, Georgia","unincorporated community in Georgia, United States","Providence Ferry, Georgia",Georgia,unincorporated community
"Pumpkin, Georgia","unincorporated community in Georgia, United States","Pumpkin, Georgia",Georgia,unincorporated community
Putney,"unincorporated community in Georgia, United States","Putney, Georgia",Georgia,unincorporated community
Pyles Marsh,"unincorporated community in Georgia, United States","Pyles Marsh, Georgia",Georgia,unincorporated community
Queensland,"unincorporated community in Georgia, United States","Queensland, Georgia",Georgia,unincorporated community
"Quill, Georgia","unincorporated community in Georgia, United States","Quill, Georgia",Georgia,unincorporated community
"Rabun Gap, Georgia","unincorporated community in Georgia, United States","Rabun Gap, Georgia",Georgia,unincorporated community
Radium Springs,"unincorporated community in Georgia, United States","Radium Springs, Georgia",Georgia,unincorporated community
"Raleigh, Georgia","unincorporated community in Georgia, United States","Raleigh, Georgia",Georgia,unincorporated community
"Ramhurst, Georgia","unincorporated community in Georgia, United States","Ramhurst, Georgia",Georgia,unincorporated community
Raoul,"unincorporated community in Georgia, United States","Raoul, Georgia",Georgia,unincorporated community
Raymond,"unincorporated community in Georgia, United States","Raymond, Georgia",Georgia,unincorporated community
"Raysville, Georgia","unincorporated community in Georgia, United States","Raysville, Georgia",Georgia,unincorporated community
"Raytown, Georgia","unincorporated community in Georgia, United States","Raytown, Georgia",Georgia,unincorporated community
"Recovery, Georgia","unincorporated community in Georgia, United States","Recovery, Georgia",Georgia,unincorporated community
Red Bud,"unincorporated community in Georgia, United States","Red Bud, Georgia",Georgia,unincorporated community
"Red Clay, Georgia","unincorporated community in Georgia, United States","Red Clay, Georgia",Georgia,unincorporated community
Red Oak,"unincorporated community in Georgia, United States","Red Oak, Georgia",Georgia,unincorporated community
"Reeves, Georgia","unincorporated community in Georgia, United States","Reeves, Georgia",Georgia,unincorporated community
"Rehoboth, DeKalb County, Georgia","unincorporated community in Georgia, United States","Rehoboth, DeKalb County, Georgia",Georgia,unincorporated community
"Relee, Georgia","unincorporated community in Georgia, United States","Relee, Georgia",Georgia,unincorporated community
"Remus, Georgia","unincorporated community in Georgia, United States","Remus, Georgia",Georgia,unincorporated community
Rex,"unincorporated community in Georgia, United States","Rex, Georgia",Georgia,unincorporated community
"Richwood, Georgia","unincorporated community in Georgia, United States","Richwood, Georgia",Georgia,unincorporated community
"Ridgeville, Georgia","unincorporated community in Georgia, United States","Ridgeville, Georgia",Georgia,unincorporated community
"Rio, Georgia","unincorporated community in Georgia, United States","Rio, Georgia",Georgia,unincorporated community
"Ripley, Georgia","unincorporated community in Georgia, United States","Ripley, Georgia",Georgia,unincorporated community
Rising Fawn,"unincorporated community in Georgia, United States","Rising Fawn, Georgia",Georgia,unincorporated community
"Rivertown, Georgia","unincorporated community in Georgia, United States","Rivertown, Georgia",Georgia,unincorporated community
"Robertstown, Georgia","unincorporated community in Georgia, United States","Robertstown, Georgia",Georgia,unincorporated community
"Rock Branch, Georgia","unincorporated community in Georgia, United States","Rock Branch, Georgia",Georgia,unincorporated community
"Rock Hill, Georgia","unincorporated community in Georgia, United States","Rock Hill, Georgia",Georgia,unincorporated community
Rock Spring,"unincorporated community in Georgia, United States","Rock Spring, Georgia",Georgia,unincorporated community
Rockbridge,"unincorporated community in Georgia, United States","Rockbridge, Georgia",Georgia,unincorporated community
Rockingham,"unincorporated community in Georgia, United States","Rockingham, Georgia",Georgia,unincorporated community
"Rockledge, Georgia","unincorporated community in Georgia, United States","Rockledge, Georgia",Georgia,unincorporated community
"Rocky Face, Georgia","unincorporated community in Georgia, United States","Rocky Face, Georgia",Georgia,unincorporated community
"Rocky Mount, Georgia","unincorporated community in Georgia, United States","Rocky Mount, Georgia",Georgia,unincorporated community
Rogerville,"unincorporated community in Georgia, United States","Rogerville, Georgia",Georgia,unincorporated community
"Rollins, Georgia","unincorporated community in Georgia, United States","Rollins, Georgia",Georgia,unincorporated community
"Roosevelt, Georgia","unincorporated community in Georgia, United States","Roosevelt, Georgia",Georgia,unincorporated community
"Roosterville, Georgia","unincorporated community in Georgia, United States","Roosterville, Georgia",Georgia,unincorporated community
"Roscoe, Georgia","unincorporated community in Georgia, United States","Roscoe, Georgia",Georgia,unincorporated community
Rosebud,"unincorporated community in Georgia, United States","Rosebud, Georgia",Georgia,unincorporated community
"Round Oak, Georgia","unincorporated community in Georgia, United States","Round Oak, Georgia",Georgia,unincorporated community
"Rowena, Georgia","unincorporated community in Georgia, United States","Rowena, Georgia",Georgia,unincorporated community
Rowland Springs,"unincorporated community in Georgia, United States","Rowland Springs, Georgia",Georgia,unincorporated community
"Roxana, Georgia","unincorporated community in Georgia, United States","Roxana, Georgia",Georgia,unincorporated community
"Ruckersville, Georgia","unincorporated community in Georgia, United States","Ruckersville, Georgia",Georgia,unincorporated community
"Rupert, Georgia","unincorporated community in Georgia, United States","Rupert, Georgia",Georgia,unincorporated community
"Ruskin, Georgia","unincorporated community in Georgia, United States","Ruskin, Georgia",Georgia,unincorporated community
Russell,"unincorporated community in Georgia, United States","Russell, Georgia",Georgia,unincorporated community
"Russellville, Georgia","unincorporated community in Georgia, United States","Russellville, Georgia",Georgia,unincorporated community
"Rutland, Georgia","unincorporated community in Georgia, United States","Rutland, Georgia",Georgia,unincorporated community
Rydal,"unincorporated community in Georgia, United States","Rydal, Georgia",Georgia,unincorporated community
"Ryo, Georgia","unincorporated community in Georgia, United States","Ryo, Georgia",Georgia,unincorporated community
Saco,"unincorporated community in Georgia, United States","Saco, Georgia",Georgia,unincorporated community
"Saffold, Georgia","unincorporated community in Georgia, United States","Saffold, Georgia",Georgia,unincorporated community
"Saint Charles, Georgia","unincorporated community in Georgia, United States","Saint Charles, Georgia",Georgia,unincorporated community
"Saint Clair, Georgia","unincorporated community in Georgia, United States","Saint Clair, Georgia",Georgia,unincorporated community
Saint George,"unincorporated community in Georgia, United States","Saint George, Georgia",Georgia,unincorporated community
"Saint Marks, Georgia","unincorporated community in Georgia, United States","Saint Marks, Georgia",Georgia,unincorporated community
"Salem, Oconee County, Georgia","unincorporated community in Georgia, United States","Salem, Oconee County, Georgia",Georgia,unincorporated community
"Sand Hill, Georgia","unincorporated community in Georgia, United States","Sand Hill, Georgia",Georgia,unincorporated community
Sandfly,"unincorporated community in Georgia, United States","Sandfly, Georgia",Georgia,unincorporated community
"Sandtown, Georgia","unincorporated community in Georgia, United States","Sandtown, Georgia",Georgia,unincorporated community
"Sandy Cross, Georgia","unincorporated community in Georgia, United States","Sandy Cross, Georgia",Georgia,unincorporated community
"Sanford, Georgia","unincorporated community in Georgia, United States","Sanford, Georgia",Georgia,unincorporated community
Sapps Still,"unincorporated community in Georgia, United States","Sapps Still, Georgia",Georgia,unincorporated community
Sargent,"unincorporated community in Georgia, United States","Sargent, Georgia",Georgia,unincorporated community
Satilla,"unincorporated community in Georgia, United States","Satilla, Georgia",Georgia,unincorporated community
"Satolah, Georgia","unincorporated community in Georgia, United States","Satolah, Georgia",Georgia,unincorporated community
Sautee Nacoochee,"unincorporated community in Georgia, United States","Sautee Nacoochee, Georgia",Georgia,unincorporated community
"Sawdust, Georgia","unincorporated community in Georgia, United States","Sawdust, Georgia",Georgia,unincorporated community
"Scarboro, Georgia","unincorporated community in Georgia, United States","Scarboro, Georgia",Georgia,unincorporated community
"Scorpion Hollow, Georgia","unincorporated community in Georgia, United States","Scorpion Hollow, Georgia",Georgia,unincorporated community
"Scott, Georgia","unincorporated community in Georgia, United States","Scott, Georgia",Georgia,unincorporated community
"Scottsboro, Georgia","unincorporated community in Georgia, United States","Scottsboro, Georgia",Georgia,unincorporated community
"Seabrook, Georgia","unincorporated community in Georgia, United States","Seabrook, Georgia",Georgia,unincorporated community
Seals,"unincorporated community in Georgia, United States","Seals, Georgia",Georgia,unincorporated community
"Seville, Georgia","unincorporated community in Georgia, United States","Seville, Georgia",Georgia,unincorporated community
"Shake Rag, Georgia","unincorporated community in Georgia, United States","Shake Rag, Georgia",Georgia,unincorporated community
Shannon,"unincorporated community in Georgia, United States","Shannon, Georgia",Georgia,unincorporated community
"Sharp Mountain Preserve, Georgia","unincorporated community in Georgia, United States","Sharp Mountain Preserve, Georgia",Georgia,unincorporated community
"Shawnee, Georgia","unincorporated community in Georgia, United States","Shawnee, Georgia",Georgia,unincorporated community
"Shell Bluff, Georgia","unincorporated community in Georgia, United States","Shell Bluff, Georgia",Georgia,unincorporated community
"Shingler, Georgia","unincorporated community in Georgia, United States","Shingler, Georgia",Georgia,unincorporated community
"Shoulderbone, Georgia","unincorporated community in Georgia, United States","Shoulderbone, Georgia",Georgia,unincorporated community
"Silco, Georgia","unincorporated community in Georgia, United States","Silco, Georgia",Georgia,unincorporated community
"Silk Hope, Georgia","unincorporated community in Georgia, United States","Silk Hope, Georgia",Georgia,unincorporated community
"Silver City, Georgia","unincorporated community in Georgia, United States","Silver City, Georgia",Georgia,unincorporated community
Silver Creek,"unincorporated community in Georgia, United States","Silver Creek, Georgia",Georgia,unincorporated community
"Silver Hill, Charlton County, Georgia","unincorporated community in Georgia, United States","Silver Hill, Charlton County, Georgia",Georgia,unincorporated community
"Silver Hill, Georgia","unincorporated community in Georgia, United States","Silver Hill, Chattooga County, Georgia",Georgia,unincorporated community
"Six Mile, Georgia","unincorporated community in Georgia, United States","Six Mile, Georgia",Georgia,unincorporated community
Sixes,"unincorporated community in Georgia, United States","Sixes, Georgia",Georgia,unincorporated community
Skullhead,"unincorporated community in Georgia, United States","Skullhead, Georgia",Georgia,unincorporated community
"Smarr, Georgia","unincorporated community in Georgia, United States","Smarr, Georgia",Georgia,unincorporated community
"Smithonia, Georgia","unincorporated community in Georgia, United States","Smithonia, Georgia",Georgia,unincorporated community
"Smithsonia, Georgia","unincorporated community in Georgia, United States","Smithsonia, Georgia",Georgia,unincorporated community
Smoke Rise,"unincorporated community in Georgia, United States","Smoke Rise, Georgia",Georgia,unincorporated community
Snapfinger,"unincorporated community in Georgia, United States","Snapfinger, Georgia",Georgia,unincorporated community
"Snead, Georgia","unincorporated community in Georgia, United States","Snead, Georgia",Georgia,unincorporated community
Snow Spring,"unincorporated community in Georgia, United States","Snow Spring, Georgia",Georgia,unincorporated community
"Soapstick, Georgia","unincorporated community in Georgia, United States","Soapstick, Georgia",Georgia,unincorporated community
Sofkee,"unincorporated community in Georgia, United States","Sofkee, Georgia",Georgia,unincorporated community
Sonoraville,"unincorporated community in Georgia, United States","Sonoraville, Georgia",Georgia,unincorporated community
"South Newport, Georgia","unincorporated community in Georgia, United States","South Newport, Georgia",Georgia,unincorporated community
"Spalding, Georgia","unincorporated community in Georgia, United States","Spalding, Georgia",Georgia,unincorporated community
"Split Silk, Georgia","unincorporated community in Georgia, United States","Split Silk, Georgia",Georgia,unincorporated community
Spring Bluff,"unincorporated community in Georgia, United States","Spring Bluff, Georgia",Georgia,unincorporated community
"Spring Hill, Georgia","unincorporated community in Georgia, United States","Spring Hill, Georgia",Georgia,unincorporated community
"Spring Place, Georgia","unincorporated community in Georgia, United States","Spring Place, Georgia",Georgia,unincorporated community
"Springvale, Georgia","unincorporated community in Georgia, United States","Springvale, Georgia",Georgia,unincorporated community
"Stark, Georgia","unincorporated community in Georgia, United States","Stark, Georgia",Georgia,unincorporated community
Starrs Mill,"unincorporated community in Georgia, United States","Starrs Mill, Georgia",Georgia,unincorporated community
Starrsville,"unincorporated community in Georgia, United States","Starrsville, Georgia",Georgia,unincorporated community
Statenville,"unincorporated community in Georgia, United States","Statenville, Georgia",Georgia,unincorporated community
"Steam Mill, Georgia","unincorporated community in Georgia, United States","Steam Mill, Georgia",Georgia,unincorporated community
"Stellaville, Georgia","unincorporated community in Georgia, United States","Stellaville, Georgia",Georgia,unincorporated community
"Stephens, Georgia","unincorporated community in Georgia, United States","Stephens, Georgia",Georgia,unincorporated community
Stilesboro,"unincorporated community in Georgia, United States","Stilesboro, Georgia",Georgia,unincorporated community
Stockton,"unincorporated community in Georgia, United States","Stockton, Georgia",Georgia,unincorporated community
"Stonewall, Georgia","unincorporated community in Georgia, United States","Stonewall, Georgia",Georgia,unincorporated community
"Strouds, Georgia","unincorporated community in Georgia, United States","Strouds, Georgia",Georgia,unincorporated community
"Stuckey, Georgia","unincorporated community in Georgia, United States","Stuckey, Georgia",Georgia,unincorporated community
"Subligna, Georgia","unincorporated community in Georgia, United States","Subligna, Georgia",Georgia,unincorporated community
"Suches, Georgia","unincorporated community in Georgia, United States","Suches, Georgia",Georgia,unincorporated community
"Sudie, Georgia","unincorporated community in Georgia, United States","Sudie, Georgia",Georgia,unincorporated community
Sugar Valley,"unincorporated community in Georgia, United States","Sugar Valley, Georgia",Georgia,unincorporated community
"Sumac, Georgia","unincorporated community in Georgia, United States","Sumac, Georgia",Georgia,unincorporated community
"Sumter, Georgia","unincorporated community in Georgia, United States","Sumter, Georgia",Georgia,unincorporated community
"Sun Hill, Georgia","unincorporated community in Georgia, United States","Sun Hill, Georgia",Georgia,unincorporated community
"Sunbury, Georgia","unincorporated community in Georgia, United States","Sunbury, Georgia",Georgia,unincorporated community
"Sunsweet, Georgia","unincorporated community in Georgia, United States","Sunsweet, Georgia",Georgia,unincorporated community
Sutallee,"unincorporated community in Georgia, United States","Sutallee, Georgia",Georgia,unincorporated community
"Suttons Corner, Georgia","unincorporated community in Georgia, United States","Suttons Corner, Georgia",Georgia,unincorporated community
"Sweet Gum, Georgia","unincorporated community in Georgia, United States","Sweet Gum, Georgia",Georgia,unincorporated community
"Swift Creek, Georgia","unincorporated community in Georgia, United States","Swift Creek, Georgia",Georgia,unincorporated community
"Swords, Georgia","unincorporated community in Georgia, United States","Swords, Georgia",Georgia,unincorporated community
Tails Creek,"unincorporated community in Georgia, United States","Tails Creek, Georgia",Georgia,unincorporated community
"Tallahassee, Georgia","unincorporated community in Georgia, United States","Tallahassee, Georgia",Georgia,unincorporated community
"Talona, Georgia","unincorporated community in Georgia, United States","Talona, Georgia",Georgia,unincorporated community
"Tarversville, Georgia","unincorporated community in Georgia, United States","Tarversville, Georgia",Georgia,unincorporated community
"Tate City, Georgia","unincorporated community in Georgia, United States","Tate City, Georgia",Georgia,unincorporated community
"Tate City, Georgia","unincorporated community in Georgia, United States","Tate, Georgia",Georgia,unincorporated community
"Tax Crossroads, Georgia","unincorporated community in Georgia, United States","Tax Crossroads, Georgia",Georgia,unincorporated community
"Tazewell, Georgia","unincorporated community in Georgia, United States","Tazewell, Georgia",Georgia,unincorporated community
"Telfair Woods, Georgia","unincorporated community in Georgia, United States","Telfair Woods, Georgia",Georgia,unincorporated community
"Teloga, Georgia","unincorporated community in Georgia, United States","Teloga, Georgia",Georgia,unincorporated community
"Temperance Bell, Georgia","unincorporated community in Georgia, United States","Temperance Bell, Georgia",Georgia,unincorporated community
"Temperance, Georgia","unincorporated community in Georgia, United States","Temperance, Georgia",Georgia,unincorporated community
"Tennga, Georgia","unincorporated community in Georgia, United States","Tennga, Georgia",Georgia,unincorporated community
"Terrell, Georgia","unincorporated community in Georgia, United States","Terrell, Georgia",Georgia,unincorporated community
"Tesnatee, Georgia","unincorporated community in Georgia, United States","Tesnatee, Georgia",Georgia,unincorporated community
"Texas, Georgia","unincorporated community in Georgia, United States","Texas, Georgia",Georgia,unincorporated community
The Rock,"unincorporated community in Georgia, United States","The Rock, Georgia",Georgia,unincorporated community
Thomas Crossroads,"unincorporated community in Georgia, United States","Thomas Crossroads, Georgia",Georgia,unincorporated community
"Tickanetley, Georgia","unincorporated community in Georgia, United States","Tickanetley, Georgia",Georgia,unincorporated community
"Tippettville, Georgia","unincorporated community in Georgia, United States","Tippettville, Georgia",Georgia,unincorporated community
"Toledo, Georgia","unincorporated community in Georgia, United States","Toledo, Georgia",Georgia,unincorporated community
"Towalaga, Georgia","unincorporated community in Georgia, United States","Towalaga, Georgia",Georgia,unincorporated community
Towne Lake,"unincorporated community in Georgia, United States",Towne Lake,Georgia,unincorporated community
"Towns, Georgia","unincorporated community in Georgia, United States","Towns, Georgia",Georgia,unincorporated community
Townsend,"unincorporated community in Georgia, United States","Townsend, Georgia",Georgia,unincorporated community
"Travellers Rest, Macon County, Georgia","unincorporated community in Georgia, United States","Travellers Rest, Macon County, Georgia",Georgia,unincorporated community
"Treadwell, Georgia","unincorporated community in Georgia, United States","Treadwell, Georgia",Georgia,unincorporated community
Tributary,"unincorporated community in Georgia, United States","Tributary, Georgia",Georgia,unincorporated community
"Troupville, Georgia","unincorporated community in Georgia, United States","Troupville, Georgia",Georgia,unincorporated community
"Turnerville, Georgia","unincorporated community in Georgia, United States","Turnerville, Georgia",Georgia,unincorporated community
"Tweed, Georgia","unincorporated community in Georgia, United States","Tweed, Georgia",Georgia,unincorporated community
"Twin Lakes, Georgia","unincorporated community in Georgia, United States","Twin Lakes, Georgia",Georgia,unincorporated community
"Tyree, Georgia","unincorporated community in Georgia, United States","Tyree, Georgia",Georgia,unincorporated community
"Tyus, Georgia","unincorporated community in Georgia, United States","Tyus, Georgia",Georgia,unincorporated community
"Undine, Georgia","unincorporated community in Georgia, United States","Undine, Georgia",Georgia,unincorporated community
"Unity, Georgia","unincorporated community in Georgia, United States","Unity, Georgia",Georgia,unincorporated community
Univeter,"unincorporated community in Georgia, United States","Univeter, Georgia",Georgia,unincorporated community
"Upatoi, Georgia","unincorporated community in Georgia, United States","Upatoi, Georgia",Georgia,unincorporated community
"Uptonville, Georgia","unincorporated community in Georgia, United States","Uptonville, Georgia",Georgia,unincorporated community
"Urquhart, Georgia","unincorporated community in Georgia, United States","Urquhart, Georgia",Georgia,unincorporated community
"Vada, Georgia","unincorporated community in Georgia, United States","Vada, Georgia",Georgia,unincorporated community
"Valona, Georgia","unincorporated community in Georgia, United States","Valona, Georgia",Georgia,unincorporated community
"Van Wert, Georgia","unincorporated community in Georgia, United States","Van Wert, Georgia",Georgia,unincorporated community
"Vanna, Georgia","unincorporated community in Georgia, United States","Vanna, Georgia",Georgia,unincorporated community
"Vans Valley, Georgia","unincorporated community in Georgia, United States","Vans Valley, Georgia",Georgia,unincorporated community
"Veazey, Georgia","unincorporated community in Georgia, United States","Veazey, Georgia",Georgia,unincorporated community
"Vega, Georgia","unincorporated community in Georgia, United States","Vega, Georgia",Georgia,unincorporated community
"Vesta, Georgia","unincorporated community in Georgia, United States","Vesta, Georgia",Georgia,unincorporated community
"Victoria, Georgia","unincorporated community in Georgia, United States","Victoria, Georgia",Georgia,unincorporated community
"Villanow, Georgia","unincorporated community in Georgia, United States","Villanow, Georgia",Georgia,unincorporated community
"Viola, Georgia","unincorporated community in Georgia, United States","Viola, Georgia",Georgia,unincorporated community
Walden,"unincorporated community in Georgia, United States","Walden, Georgia",Georgia,unincorporated community
"Walkersville, Georgia","unincorporated community in Georgia, United States","Walkersville, Georgia",Georgia,unincorporated community
"Walls Crossing, Georgia","unincorporated community in Georgia, United States","Walls Crossing, Georgia",Georgia,unincorporated community
"Waresboro, Georgia","unincorporated community in Georgia, United States","Waresboro, Georgia",Georgia,unincorporated community
"Warthen, Georgia","unincorporated community in Georgia, United States","Warthen, Georgia",Georgia,unincorporated community
Waterloo,"unincorporated community in Georgia, United States","Waterloo, Georgia",Georgia,unincorporated community
Waverly,"unincorporated community in Georgia, United States","Waverly, Georgia",Georgia,unincorporated community
Waynesville,"unincorporated community in Georgia, United States","Waynesville, Georgia",Georgia,unincorporated community
"Welcome, Georgia","unincorporated community in Georgia, United States","Welcome, Georgia",Georgia,unincorporated community
"Wesley, Georgia","unincorporated community in Georgia, United States","Wesley, Georgia",Georgia,unincorporated community
West Green,"unincorporated community in Georgia, United States","West Green, Georgia",Georgia,unincorporated community
Weston,"unincorporated community in Georgia, United States","Weston, Georgia",Georgia,unincorporated community
Westside,"unincorporated community in Georgia, United States","Westside, Georgia",Georgia,unincorporated community
Whistleville,"unincorporated community in Georgia, United States","Whistleville, Georgia",Georgia,unincorporated community
White Bluff,"unincorporated community in Georgia, United States","White Bluff, Georgia",Georgia,unincorporated community
"White City, Georgia","unincorporated community in Georgia, United States","White City, Georgia",Georgia,unincorporated community
White Oak,"unincorporated community in Georgia, United States","White Oak, Georgia",Georgia,unincorporated community
"White Path, Georgia","unincorporated community in Georgia, United States","White Path, Georgia",Georgia,unincorporated community
"White Sulphur Springs, Hall County, Georgia","unincorporated community in Georgia, United States","White Sulphur Springs, Hall County, Georgia",Georgia,unincorporated community
"White Sulphur Springs, Meriwether County, Georgia","unincorporated community in Georgia, United States","White Sulphur Springs, Meriwether County, Georgia",Georgia,unincorporated community
"Whitehouse, Georgia","unincorporated community in Georgia, United States","Whitehouse, Georgia",Georgia,unincorporated community
"Whitesville, Georgia","unincorporated community in Georgia, United States","Whitesville, Georgia",Georgia,unincorporated community
Wildwood,"unincorporated community in Georgia, United States","Wildwood, Georgia",Georgia,unincorporated community
"Wiley, Georgia","unincorporated community in Georgia, United States","Wiley, Georgia",Georgia,unincorporated community
Willard,"unincorporated community in Georgia, United States","Willard, Georgia",Georgia,unincorporated community
"Williamsburg, Calhoun County, Georgia","unincorporated community in Georgia, United States","Williamsburg, Calhoun County, Georgia",Georgia,unincorporated community
"Williamsburg, Clinch County, Georgia","unincorporated community in Georgia, United States","Williamsburg, Clinch County, Georgia",Georgia,unincorporated community
"Winchester, Georgia","unincorporated community in Georgia, United States","Winchester, Georgia",Georgia,unincorporated community
"Windsor, Georgia","unincorporated community in Georgia, United States","Windsor, Georgia",Georgia,unincorporated community
"Winfield, Georgia","unincorporated community in Georgia, United States","Winfield, Georgia",Georgia,unincorporated community
Winston,"unincorporated community in Georgia, United States","Winston, Georgia",Georgia,unincorporated community
"Wood Station, Georgia","unincorporated community in Georgia, United States","Wood Station, Georgia",Georgia,unincorporated community
"Wooster, Georgia","unincorporated community in Georgia, United States","Wooster, Georgia",Georgia,unincorporated community
"Workmore, Georgia","unincorporated community in Georgia, United States","Workmore, Georgia",Georgia,unincorporated community
"Worth, Georgia","unincorporated community in Georgia, United States","Worth, Georgia",Georgia,unincorporated community
"Worthville, Georgia","unincorporated community in Georgia, United States","Worthville, Georgia",Georgia,unincorporated community
"Wray, Georgia","unincorporated community in Georgia, United States","Wray, Georgia",Georgia,unincorporated community
"Wrightsboro, Georgia","unincorporated community in Georgia, United States","Wrightsboro, Georgia",Georgia,unincorporated community
Yellowdirt,"unincorporated community in Georgia, United States","Yellowdirt, Georgia",Georgia,unincorporated community
"Yonah, Georgia","unincorporated community in Georgia, United States","Yonah, Georgia",Georgia,unincorporated community
"Yonkers, Georgia","unincorporated community in Georgia, United States","Yonkers, Georgia",Georgia,unincorporated community
"York, Georgia","unincorporated community in Georgia, United States","York, Georgia",Georgia,unincorporated community
"Youth, Georgia","unincorporated community in Georgia, United States","Youth, Georgia",Georgia,unincorporated community
"Ypsilanti, Georgia","unincorporated community in Georgia, United States","Ypsilanti, Georgia",Georgia,unincorporated community
"Yukon, Georgia","unincorporated community in Georgia, United States","Yukon, Georgia",Georgia,unincorporated community
"Zenith, Georgia","unincorporated community in Georgia, United States","Zenith, Georgia",Georgia,unincorporated community
Zetto,"unincorporated community in Georgia, United States","Zetto, Georgia",Georgia,unincorporated community
Zuta,"unincorporated community in Georgia, United States","Zuta, Georgia",Georgia,unincorporated community